"SEX","GEO","TIME","AGE","UNIT","ISCED11","Value"
"T","BE","2003","Y15-64","PC","ED0-2","39.6"
"T","BE","2003","Y15-64","PC","ED3-8","60.4"
"T","BE","2003","Y15-64","PC","ED3_4","34.8"
"T","BE","2003","Y15-64","PC","ED5-8","25.6"
"T","BE","2004","Y15-64","PC","ED0-2","37.8"
"T","BE","2004","Y15-64","PC","ED3-8","62.2"
"T","BE","2004","Y15-64","PC","ED3_4","35.4"
"T","BE","2004","Y15-64","PC","ED5-8","26.8"
"T","BE","2005","Y15-64","PC","ED0-2","36.3"
"T","BE","2005","Y15-64","PC","ED3-8","63.7"
"T","BE","2005","Y15-64","PC","ED3_4","36.5"
"T","BE","2005","Y15-64","PC","ED5-8","27.2"
"T","BE","2006","Y15-64","PC","ED0-2","35.7"
"T","BE","2006","Y15-64","PC","ED3-8","64.3"
"T","BE","2006","Y15-64","PC","ED3_4","36.4"
"T","BE","2006","Y15-64","PC","ED5-8","27.9"
"T","BE","2007","Y15-64","PC","ED0-2","34.8"
"T","BE","2007","Y15-64","PC","ED3-8","65.2"
"T","BE","2007","Y15-64","PC","ED3_4","37.1"
"T","BE","2007","Y15-64","PC","ED5-8","28.1"
"T","BE","2008","Y15-64","PC","ED0-2","33.6"
"T","BE","2008","Y15-64","PC","ED3-8","66.4"
"T","BE","2008","Y15-64","PC","ED3_4","38.0"
"T","BE","2008","Y15-64","PC","ED5-8","28.4"
"T","BE","2009","Y15-64","PC","ED0-2","32.4"
"T","BE","2009","Y15-64","PC","ED3-8","67.6"
"T","BE","2009","Y15-64","PC","ED3_4","38.1"
"T","BE","2009","Y15-64","PC","ED5-8","29.4"
"T","BE","2010","Y15-64","PC","ED0-2","32.6"
"T","BE","2010","Y15-64","PC","ED3-8","67.4"
"T","BE","2010","Y15-64","PC","ED3_4","36.7"
"T","BE","2010","Y15-64","PC","ED5-8","30.7"
"T","BE","2011","Y15-64","PC","ED0-2","31.9"
"T","BE","2011","Y15-64","PC","ED3-8","68.1"
"T","BE","2011","Y15-64","PC","ED3_4","37.7"
"T","BE","2011","Y15-64","PC","ED5-8","30.4"
"T","BE","2012","Y15-64","PC","ED0-2","31.4"
"T","BE","2012","Y15-64","PC","ED3-8","68.6"
"T","BE","2012","Y15-64","PC","ED3_4","37.4"
"T","BE","2012","Y15-64","PC","ED5-8","31.3"
"T","BE","2013","Y15-64","PC","ED0-2","30.4"
"T","BE","2013","Y15-64","PC","ED3-8","69.6"
"T","BE","2013","Y15-64","PC","ED3_4","38.1"
"T","BE","2013","Y15-64","PC","ED5-8","31.5"
"T","BE","2014","Y15-64","PC","ED0-2","29.5"
"T","BE","2014","Y15-64","PC","ED3-8","70.5"
"T","BE","2014","Y15-64","PC","ED3_4","37.8"
"T","BE","2014","Y15-64","PC","ED5-8","32.6"
"T","BE","2015","Y15-64","PC","ED0-2","28.7"
"T","BE","2015","Y15-64","PC","ED3-8","71.3"
"T","BE","2015","Y15-64","PC","ED3_4","38.7"
"T","BE","2015","Y15-64","PC","ED5-8","32.7"
"T","BG","2003","Y15-64","PC","ED0-2","34.1"
"T","BG","2003","Y15-64","PC","ED3-8","65.9"
"T","BG","2003","Y15-64","PC","ED3_4","48.2"
"T","BG","2003","Y15-64","PC","ED5-8","17.7"
"T","BG","2004","Y15-64","PC","ED0-2","34.0"
"T","BG","2004","Y15-64","PC","ED3-8","66.0"
"T","BG","2004","Y15-64","PC","ED3_4","48.1"
"T","BG","2004","Y15-64","PC","ED5-8","17.9"
"T","BG","2005","Y15-64","PC","ED0-2","33.4"
"T","BG","2005","Y15-64","PC","ED3-8","66.6"
"T","BG","2005","Y15-64","PC","ED3_4","48.8"
"T","BG","2005","Y15-64","PC","ED5-8","17.8"
"T","BG","2006","Y15-64","PC","ED0-2","30.6"
"T","BG","2006","Y15-64","PC","ED3-8","69.4"
"T","BG","2006","Y15-64","PC","ED3_4","51.3"
"T","BG","2006","Y15-64","PC","ED5-8","18.2"
"T","BG","2007","Y15-64","PC","ED0-2","28.7"
"T","BG","2007","Y15-64","PC","ED3-8","71.3"
"T","BG","2007","Y15-64","PC","ED3_4","52.8"
"T","BG","2007","Y15-64","PC","ED5-8","18.5"
"T","BG","2008","Y15-64","PC","ED0-2","28.3"
"T","BG","2008","Y15-64","PC","ED3-8","71.7"
"T","BG","2008","Y15-64","PC","ED3_4","52.8"
"T","BG","2008","Y15-64","PC","ED5-8","18.9"
"T","BG","2009","Y15-64","PC","ED0-2","27.6"
"T","BG","2009","Y15-64","PC","ED3-8","72.4"
"T","BG","2009","Y15-64","PC","ED3_4","53.2"
"T","BG","2009","Y15-64","PC","ED5-8","19.2"
"T","BG","2010","Y15-64","PC","ED0-2","25.1"
"T","BG","2010","Y15-64","PC","ED3-8","74.9"
"T","BG","2010","Y15-64","PC","ED3_4","55.1"
"T","BG","2010","Y15-64","PC","ED5-8","19.7"
"T","BG","2011","Y15-64","PC","ED0-2","24.0"
"T","BG","2011","Y15-64","PC","ED3-8","76.0"
"T","BG","2011","Y15-64","PC","ED3_4","55.9"
"T","BG","2011","Y15-64","PC","ED5-8","20.1"
"T","BG","2012","Y15-64","PC","ED0-2","23.0"
"T","BG","2012","Y15-64","PC","ED3-8","77.0"
"T","BG","2012","Y15-64","PC","ED3_4","56.4"
"T","BG","2012","Y15-64","PC","ED5-8","20.7"
"T","BG","2013","Y15-64","PC","ED0-2","22.1"
"T","BG","2013","Y15-64","PC","ED3-8","77.9"
"T","BG","2013","Y15-64","PC","ED3_4","55.7"
"T","BG","2013","Y15-64","PC","ED5-8","22.2"
"T","BG","2014","Y15-64","PC","ED0-2","22.6"
"T","BG","2014","Y15-64","PC","ED3-8","77.4"
"T","BG","2014","Y15-64","PC","ED3_4","53.8"
"T","BG","2014","Y15-64","PC","ED5-8","23.6"
"T","BG","2015","Y15-64","PC","ED0-2","22.2"
"T","BG","2015","Y15-64","PC","ED3-8","77.8"
"T","BG","2015","Y15-64","PC","ED3_4","53.7"
"T","BG","2015","Y15-64","PC","ED5-8","24.1"
"T","CZ","2003","Y15-64","PC","ED0-2","18.0"
"T","CZ","2003","Y15-64","PC","ED3-8","82.0"
"T","CZ","2003","Y15-64","PC","ED3_4","72.0"
"T","CZ","2003","Y15-64","PC","ED5-8","10.0"
"T","CZ","2004","Y15-64","PC","ED0-2","17.6"
"T","CZ","2004","Y15-64","PC","ED3-8","82.4"
"T","CZ","2004","Y15-64","PC","ED3_4","72.0"
"T","CZ","2004","Y15-64","PC","ED5-8","10.4"
"T","CZ","2005","Y15-64","PC","ED0-2","16.8"
"T","CZ","2005","Y15-64","PC","ED3-8","83.2"
"T","CZ","2005","Y15-64","PC","ED3_4","72.2"
"T","CZ","2005","Y15-64","PC","ED5-8","11.0"
"T","CZ","2006","Y15-64","PC","ED0-2","16.4"
"T","CZ","2006","Y15-64","PC","ED3-8","83.6"
"T","CZ","2006","Y15-64","PC","ED3_4","72.2"
"T","CZ","2006","Y15-64","PC","ED5-8","11.4"
"T","CZ","2007","Y15-64","PC","ED0-2","16.2"
"T","CZ","2007","Y15-64","PC","ED3-8","83.8"
"T","CZ","2007","Y15-64","PC","ED3_4","72.2"
"T","CZ","2007","Y15-64","PC","ED5-8","11.6"
"T","CZ","2008","Y15-64","PC","ED0-2","15.8"
"T","CZ","2008","Y15-64","PC","ED3-8","84.2"
"T","CZ","2008","Y15-64","PC","ED3_4","71.7"
"T","CZ","2008","Y15-64","PC","ED5-8","12.4"
"T","CZ","2009","Y15-64","PC","ED0-2","15.2"
"T","CZ","2009","Y15-64","PC","ED3-8","84.8"
"T","CZ","2009","Y15-64","PC","ED3_4","71.4"
"T","CZ","2009","Y15-64","PC","ED5-8","13.4"
"T","CZ","2010","Y15-64","PC","ED0-2","14.4"
"T","CZ","2010","Y15-64","PC","ED3-8","85.6"
"T","CZ","2010","Y15-64","PC","ED3_4","71.1"
"T","CZ","2010","Y15-64","PC","ED5-8","14.5"
"T","CZ","2011","Y15-64","PC","ED0-2","13.9"
"T","CZ","2011","Y15-64","PC","ED3-8","86.1"
"T","CZ","2011","Y15-64","PC","ED3_4","70.3"
"T","CZ","2011","Y15-64","PC","ED5-8","15.8"
"T","CZ","2012","Y15-64","PC","ED0-2","13.4"
"T","CZ","2012","Y15-64","PC","ED3-8","86.6"
"T","CZ","2012","Y15-64","PC","ED3_4","69.6"
"T","CZ","2012","Y15-64","PC","ED5-8","17.0"
"T","CZ","2013","Y15-64","PC","ED0-2","12.9"
"T","CZ","2013","Y15-64","PC","ED3-8","87.1"
"T","CZ","2013","Y15-64","PC","ED3_4","69.0"
"T","CZ","2013","Y15-64","PC","ED5-8","18.1"
"T","CZ","2014","Y15-64","PC","ED0-2","12.4"
"T","CZ","2014","Y15-64","PC","ED3-8","87.6"
"T","CZ","2014","Y15-64","PC","ED3_4","68.5"
"T","CZ","2014","Y15-64","PC","ED5-8","19.1"
"T","CZ","2015","Y15-64","PC","ED0-2","12.4"
"T","CZ","2015","Y15-64","PC","ED3-8","87.6"
"T","CZ","2015","Y15-64","PC","ED3_4","67.8"
"T","CZ","2015","Y15-64","PC","ED5-8","19.8"
"T","DK","2003","Y15-64","PC","ED0-2","25.8"
"T","DK","2003","Y15-64","PC","ED3-8","74.2"
"T","DK","2003","Y15-64","PC","ED3_4","47.0"
"T","DK","2003","Y15-64","PC","ED5-8","27.2"
"T","DK","2004","Y15-64","PC","ED0-2","25.3"
"T","DK","2004","Y15-64","PC","ED3-8","74.7"
"T","DK","2004","Y15-64","PC","ED3_4","46.7"
"T","DK","2004","Y15-64","PC","ED5-8","27.9"
"T","DK","2005","Y15-64","PC","ED0-2","25.7"
"T","DK","2005","Y15-64","PC","ED3-8","74.3"
"T","DK","2005","Y15-64","PC","ED3_4","45.8"
"T","DK","2005","Y15-64","PC","ED5-8","28.5"
"T","DK","2006","Y15-64","PC","ED0-2","25.4"
"T","DK","2006","Y15-64","PC","ED3-8","74.6"
"T","DK","2006","Y15-64","PC","ED3_4","45.3"
"T","DK","2006","Y15-64","PC","ED5-8","29.3"
"T","DK","2007","Y15-64","PC","ED0-2","32.3"
"T","DK","2007","Y15-64","PC","ED3-8","67.7"
"T","DK","2007","Y15-64","PC","ED3_4","41.7"
"T","DK","2007","Y15-64","PC","ED5-8","26.0"
"T","DK","2008","Y15-64","PC","ED0-2","32.9"
"T","DK","2008","Y15-64","PC","ED3-8","67.1"
"T","DK","2008","Y15-64","PC","ED3_4","40.8"
"T","DK","2008","Y15-64","PC","ED5-8","26.3"
"T","DK","2009","Y15-64","PC","ED0-2","32.2"
"T","DK","2009","Y15-64","PC","ED3-8","67.8"
"T","DK","2009","Y15-64","PC","ED3_4","40.9"
"T","DK","2009","Y15-64","PC","ED5-8","26.9"
"T","DK","2010","Y15-64","PC","ED0-2","31.8"
"T","DK","2010","Y15-64","PC","ED3-8","68.2"
"T","DK","2010","Y15-64","PC","ED3_4","40.7"
"T","DK","2010","Y15-64","PC","ED5-8","27.5"
"T","DK","2011","Y15-64","PC","ED0-2","30.7"
"T","DK","2011","Y15-64","PC","ED3-8","69.3"
"T","DK","2011","Y15-64","PC","ED3_4","41.5"
"T","DK","2011","Y15-64","PC","ED5-8","27.9"
"T","DK","2012","Y15-64","PC","ED0-2","29.8"
"T","DK","2012","Y15-64","PC","ED3-8","70.2"
"T","DK","2012","Y15-64","PC","ED3_4","41.6"
"T","DK","2012","Y15-64","PC","ED5-8","28.6"
"T","DK","2013","Y15-64","PC","ED0-2","29.5"
"T","DK","2013","Y15-64","PC","ED3-8","70.5"
"T","DK","2013","Y15-64","PC","ED3_4","41.4"
"T","DK","2013","Y15-64","PC","ED5-8","29.1"
"T","DK","2014","Y15-64","PC","ED0-2","28.2"
"T","DK","2014","Y15-64","PC","ED3-8","71.8"
"T","DK","2014","Y15-64","PC","ED3_4","42.0"
"T","DK","2014","Y15-64","PC","ED5-8","29.8"
"T","DK","2015","Y15-64","PC","ED0-2","27.3"
"T","DK","2015","Y15-64","PC","ED3-8","72.7"
"T","DK","2015","Y15-64","PC","ED3_4","42.0"
"T","DK","2015","Y15-64","PC","ED5-8","30.7"
"T","DE","2003","Y15-64","PC","ED0-2","24.0"
"T","DE","2003","Y15-64","PC","ED3-8","76.0"
"T","DE","2003","Y15-64","PC","ED3_4","55.7"
"T","DE","2003","Y15-64","PC","ED5-8","20.3"
"T","DE","2004","Y15-64","PC","ED0-2","23.6"
"T","DE","2004","Y15-64","PC","ED3-8","76.4"
"T","DE","2004","Y15-64","PC","ED3_4","55.3"
"T","DE","2004","Y15-64","PC","ED5-8","21.1"
"T","DE","2005","Y15-64","PC","ED0-2","24.8"
"T","DE","2005","Y15-64","PC","ED3-8","75.2"
"T","DE","2005","Y15-64","PC","ED3_4","54.6"
"T","DE","2005","Y15-64","PC","ED5-8","20.6"
"T","DE","2006","Y15-64","PC","ED0-2","24.6"
"T","DE","2006","Y15-64","PC","ED3-8","75.4"
"T","DE","2006","Y15-64","PC","ED3_4","55.3"
"T","DE","2006","Y15-64","PC","ED5-8","20.1"
"T","DE","2007","Y15-64","PC","ED0-2","23.5"
"T","DE","2007","Y15-64","PC","ED3-8","76.5"
"T","DE","2007","Y15-64","PC","ED3_4","56.1"
"T","DE","2007","Y15-64","PC","ED5-8","20.4"
"T","DE","2008","Y15-64","PC","ED0-2","22.3"
"T","DE","2008","Y15-64","PC","ED3-8","77.7"
"T","DE","2008","Y15-64","PC","ED3_4","56.3"
"T","DE","2008","Y15-64","PC","ED5-8","21.4"
"T","DE","2009","Y15-64","PC","ED0-2","22.0"
"T","DE","2009","Y15-64","PC","ED3-8","78.0"
"T","DE","2009","Y15-64","PC","ED3_4","55.8"
"T","DE","2009","Y15-64","PC","ED5-8","22.3"
"T","DE","2010","Y15-64","PC","ED0-2","21.0"
"T","DE","2010","Y15-64","PC","ED3-8","79.0"
"T","DE","2010","Y15-64","PC","ED3_4","56.3"
"T","DE","2010","Y15-64","PC","ED5-8","22.7"
"T","DE","2011","Y15-64","PC","ED0-2","18.1"
"T","DE","2011","Y15-64","PC","ED3-8","81.9"
"T","DE","2011","Y15-64","PC","ED3_4","57.6"
"T","DE","2011","Y15-64","PC","ED5-8","24.3"
"T","DE","2012","Y15-64","PC","ED0-2","17.9"
"T","DE","2012","Y15-64","PC","ED3-8","82.1"
"T","DE","2012","Y15-64","PC","ED3_4","57.2"
"T","DE","2012","Y15-64","PC","ED5-8","24.9"
"T","DE","2013","Y15-64","PC","ED0-2","17.7"
"T","DE","2013","Y15-64","PC","ED3-8","82.3"
"T","DE","2013","Y15-64","PC","ED3_4","57.1"
"T","DE","2013","Y15-64","PC","ED5-8","25.2"
"T","DE","2014","Y15-64","PC","ED0-2","19.7"
"T","DE","2014","Y15-64","PC","ED3-8","80.3"
"T","DE","2014","Y15-64","PC","ED3_4","57.1"
"T","DE","2014","Y15-64","PC","ED5-8","23.2"
"T","DE","2015","Y15-64","PC","ED0-2","19.8"
"T","DE","2015","Y15-64","PC","ED3-8","80.2"
"T","DE","2015","Y15-64","PC","ED3_4","56.4"
"T","DE","2015","Y15-64","PC","ED5-8","23.8"
"T","EE","2003","Y15-64","PC","ED0-2","20.6"
"T","EE","2003","Y15-64","PC","ED3-8","79.4"
"T","EE","2003","Y15-64","PC","ED3_4","54.5"
"T","EE","2003","Y15-64","PC","ED5-8","24.8"
"T","EE","2004","Y15-64","PC","ED0-2","20.3"
"T","EE","2004","Y15-64","PC","ED3-8","79.7"
"T","EE","2004","Y15-64","PC","ED3_4","54.0"
"T","EE","2004","Y15-64","PC","ED5-8","25.6"
"T","EE","2005","Y15-64","PC","ED0-2","19.9"
"T","EE","2005","Y15-64","PC","ED3-8","80.1"
"T","EE","2005","Y15-64","PC","ED3_4","52.4"
"T","EE","2005","Y15-64","PC","ED5-8","27.7"
"T","EE","2006","Y15-64","PC","ED0-2","20.6"
"T","EE","2006","Y15-64","PC","ED3-8","79.4"
"T","EE","2006","Y15-64","PC","ED3_4","52.0"
"T","EE","2006","Y15-64","PC","ED5-8","27.4"
"T","EE","2007","Y15-64","PC","ED0-2","20.0"
"T","EE","2007","Y15-64","PC","ED3-8","80.0"
"T","EE","2007","Y15-64","PC","ED3_4","52.5"
"T","EE","2007","Y15-64","PC","ED5-8","27.5"
"T","EE","2008","Y15-64","PC","ED0-2","20.4"
"T","EE","2008","Y15-64","PC","ED3-8","79.6"
"T","EE","2008","Y15-64","PC","ED3_4","51.3"
"T","EE","2008","Y15-64","PC","ED5-8","28.3"
"T","EE","2009","Y15-64","PC","ED0-2","19.2"
"T","EE","2009","Y15-64","PC","ED3-8","80.8"
"T","EE","2009","Y15-64","PC","ED3_4","50.6"
"T","EE","2009","Y15-64","PC","ED5-8","30.2"
"T","EE","2010","Y15-64","PC","ED0-2","18.2"
"T","EE","2010","Y15-64","PC","ED3-8","81.8"
"T","EE","2010","Y15-64","PC","ED3_4","51.8"
"T","EE","2010","Y15-64","PC","ED5-8","30.0"
"T","EE","2011","Y15-64","PC","ED0-2","17.7"
"T","EE","2011","Y15-64","PC","ED3-8","82.3"
"T","EE","2011","Y15-64","PC","ED3_4","51.0"
"T","EE","2011","Y15-64","PC","ED5-8","31.3"
"T","EE","2012","Y15-64","PC","ED0-2","16.8"
"T","EE","2012","Y15-64","PC","ED3-8","83.2"
"T","EE","2012","Y15-64","PC","ED3_4","51.1"
"T","EE","2012","Y15-64","PC","ED5-8","32.1"
"T","EE","2013","Y15-64","PC","ED0-2","15.8"
"T","EE","2013","Y15-64","PC","ED3-8","84.2"
"T","EE","2013","Y15-64","PC","ED3_4","51.9"
"T","EE","2013","Y15-64","PC","ED5-8","32.3"
"T","EE","2014","Y15-64","PC","ED0-2","15.1"
"T","EE","2014","Y15-64","PC","ED3-8","84.9"
"T","EE","2014","Y15-64","PC","ED3_4","52.2"
"T","EE","2014","Y15-64","PC","ED5-8","32.6"
"T","EE","2015","Y15-64","PC","ED0-2","15.1"
"T","EE","2015","Y15-64","PC","ED3-8","84.9"
"T","EE","2015","Y15-64","PC","ED3_4","51.6"
"T","EE","2015","Y15-64","PC","ED5-8","33.3"
"T","IE","2003","Y15-64","PC","ED0-2","38.9"
"T","IE","2003","Y15-64","PC","ED3-8","61.1"
"T","IE","2003","Y15-64","PC","ED3_4","37.6"
"T","IE","2003","Y15-64","PC","ED5-8","23.5"
"T","IE","2004","Y15-64","PC","ED0-2","38.3"
"T","IE","2004","Y15-64","PC","ED3-8","61.7"
"T","IE","2004","Y15-64","PC","ED3_4","36.8"
"T","IE","2004","Y15-64","PC","ED5-8","24.9"
"T","IE","2005","Y15-64","PC","ED0-2","36.5"
"T","IE","2005","Y15-64","PC","ED3-8","63.5"
"T","IE","2005","Y15-64","PC","ED3_4","37.4"
"T","IE","2005","Y15-64","PC","ED5-8","26.1"
"T","IE","2006","Y15-64","PC","ED0-2","35.2"
"T","IE","2006","Y15-64","PC","ED3-8","64.8"
"T","IE","2006","Y15-64","PC","ED3_4","37.0"
"T","IE","2006","Y15-64","PC","ED5-8","27.7"
"T","IE","2007","Y15-64","PC","ED0-2","34.1"
"T","IE","2007","Y15-64","PC","ED3-8","65.9"
"T","IE","2007","Y15-64","PC","ED3_4","37.0"
"T","IE","2007","Y15-64","PC","ED5-8","28.9"
"T","IE","2008","Y15-64","PC","ED0-2","32.4"
"T","IE","2008","Y15-64","PC","ED3-8","67.6"
"T","IE","2008","Y15-64","PC","ED3_4","37.3"
"T","IE","2008","Y15-64","PC","ED5-8","30.3"
"T","IE","2009","Y15-64","PC","ED0-2","31.5"
"T","IE","2009","Y15-64","PC","ED3-8","68.5"
"T","IE","2009","Y15-64","PC","ED3_4","37.1"
"T","IE","2009","Y15-64","PC","ED5-8","31.4"
"T","IE","2010","Y15-64","PC","ED0-2","30.5"
"T","IE","2010","Y15-64","PC","ED3-8","69.5"
"T","IE","2010","Y15-64","PC","ED3_4","36.7"
"T","IE","2010","Y15-64","PC","ED5-8","32.7"
"T","IE","2011","Y15-64","PC","ED0-2","29.7"
"T","IE","2011","Y15-64","PC","ED3-8","70.3"
"T","IE","2011","Y15-64","PC","ED3_4","37.0"
"T","IE","2011","Y15-64","PC","ED5-8","33.3"
"T","IE","2012","Y15-64","PC","ED0-2","28.8"
"T","IE","2012","Y15-64","PC","ED3-8","71.2"
"T","IE","2012","Y15-64","PC","ED3_4","36.5"
"T","IE","2012","Y15-64","PC","ED5-8","34.7"
"T","IE","2013","Y15-64","PC","ED0-2","27.2"
"T","IE","2013","Y15-64","PC","ED3-8","72.8"
"T","IE","2013","Y15-64","PC","ED3_4","36.4"
"T","IE","2013","Y15-64","PC","ED5-8","36.3"
"T","IE","2014","Y15-64","PC","ED0-2","25.6"
"T","IE","2014","Y15-64","PC","ED3-8","74.4"
"T","IE","2014","Y15-64","PC","ED3_4","38.6"
"T","IE","2014","Y15-64","PC","ED5-8","35.8"
"T","IE","2015","Y15-64","PC","ED0-2","24.9"
"T","IE","2015","Y15-64","PC","ED3-8","75.1"
"T","IE","2015","Y15-64","PC","ED3_4","37.7"
"T","IE","2015","Y15-64","PC","ED5-8","37.4"
"T","EL","2003","Y15-64","PC","ED0-2","43.9"
"T","EL","2003","Y15-64","PC","ED3-8","56.1"
"T","EL","2003","Y15-64","PC","ED3_4","40.4"
"T","EL","2003","Y15-64","PC","ED5-8","15.7"
"T","EL","2004","Y15-64","PC","ED0-2","40.9"
"T","EL","2004","Y15-64","PC","ED3-8","59.1"
"T","EL","2004","Y15-64","PC","ED3_4","41.6"
"T","EL","2004","Y15-64","PC","ED5-8","17.5"
"T","EL","2005","Y15-64","PC","ED0-2","40.0"
"T","EL","2005","Y15-64","PC","ED3-8","60.0"
"T","EL","2005","Y15-64","PC","ED3_4","42.3"
"T","EL","2005","Y15-64","PC","ED5-8","17.6"
"T","EL","2006","Y15-64","PC","ED0-2","41.4"
"T","EL","2006","Y15-64","PC","ED3-8","58.6"
"T","EL","2006","Y15-64","PC","ED3_4","39.9"
"T","EL","2006","Y15-64","PC","ED5-8","18.7"
"T","EL","2007","Y15-64","PC","ED0-2","40.8"
"T","EL","2007","Y15-64","PC","ED3-8","59.2"
"T","EL","2007","Y15-64","PC","ED3_4","40.1"
"T","EL","2007","Y15-64","PC","ED5-8","19.1"
"T","EL","2008","Y15-64","PC","ED0-2","39.7"
"T","EL","2008","Y15-64","PC","ED3-8","60.3"
"T","EL","2008","Y15-64","PC","ED3_4","40.5"
"T","EL","2008","Y15-64","PC","ED5-8","19.8"
"T","EL","2009","Y15-64","PC","ED0-2","39.6"
"T","EL","2009","Y15-64","PC","ED3-8","60.4"
"T","EL","2009","Y15-64","PC","ED3_4","40.5"
"T","EL","2009","Y15-64","PC","ED5-8","19.9"
"T","EL","2010","Y15-64","PC","ED0-2","38.5"
"T","EL","2010","Y15-64","PC","ED3-8","61.5"
"T","EL","2010","Y15-64","PC","ED3_4","40.6"
"T","EL","2010","Y15-64","PC","ED5-8","20.9"
"T","EL","2011","Y15-64","PC","ED0-2","37.1"
"T","EL","2011","Y15-64","PC","ED3-8","62.9"
"T","EL","2011","Y15-64","PC","ED3_4","40.7"
"T","EL","2011","Y15-64","PC","ED5-8","22.2"
"T","EL","2012","Y15-64","PC","ED0-2","35.9"
"T","EL","2012","Y15-64","PC","ED3-8","64.1"
"T","EL","2012","Y15-64","PC","ED3_4","41.3"
"T","EL","2012","Y15-64","PC","ED5-8","22.9"
"T","EL","2013","Y15-64","PC","ED0-2","34.5"
"T","EL","2013","Y15-64","PC","ED3-8","65.5"
"T","EL","2013","Y15-64","PC","ED3_4","41.4"
"T","EL","2013","Y15-64","PC","ED5-8","24.0"
"T","EL","2014","Y15-64","PC","ED0-2","33.1"
"T","EL","2014","Y15-64","PC","ED3-8","66.9"
"T","EL","2014","Y15-64","PC","ED3_4","42.2"
"T","EL","2014","Y15-64","PC","ED5-8","24.6"
"T","EL","2015","Y15-64","PC","ED0-2","31.5"
"T","EL","2015","Y15-64","PC","ED3-8","68.5"
"T","EL","2015","Y15-64","PC","ED3_4","43.0"
"T","EL","2015","Y15-64","PC","ED5-8","25.4"
"T","ES","2003","Y15-64","PC","ED0-2","55.8"
"T","ES","2003","Y15-64","PC","ED3-8","44.2"
"T","ES","2003","Y15-64","PC","ED3_4","20.7"
"T","ES","2003","Y15-64","PC","ED5-8","23.6"
"T","ES","2004","Y15-64","PC","ED0-2","54.5"
"T","ES","2004","Y15-64","PC","ED3-8","45.5"
"T","ES","2004","Y15-64","PC","ED3_4","21.0"
"T","ES","2004","Y15-64","PC","ED5-8","24.5"
"T","ES","2005","Y15-64","PC","ED0-2","51.7"
"T","ES","2005","Y15-64","PC","ED3-8","48.3"
"T","ES","2005","Y15-64","PC","ED3_4","22.3"
"T","ES","2005","Y15-64","PC","ED5-8","26.1"
"T","ES","2006","Y15-64","PC","ED0-2","50.9"
"T","ES","2006","Y15-64","PC","ED3-8","49.1"
"T","ES","2006","Y15-64","PC","ED3_4","22.8"
"T","ES","2006","Y15-64","PC","ED5-8","26.4"
"T","ES","2007","Y15-64","PC","ED0-2","50.1"
"T","ES","2007","Y15-64","PC","ED3-8","49.9"
"T","ES","2007","Y15-64","PC","ED3_4","23.1"
"T","ES","2007","Y15-64","PC","ED5-8","26.8"
"T","ES","2008","Y15-64","PC","ED0-2","49.8"
"T","ES","2008","Y15-64","PC","ED3-8","50.2"
"T","ES","2008","Y15-64","PC","ED3_4","23.1"
"T","ES","2008","Y15-64","PC","ED5-8","27.0"
"T","ES","2009","Y15-64","PC","ED0-2","49.5"
"T","ES","2009","Y15-64","PC","ED3-8","50.5"
"T","ES","2009","Y15-64","PC","ED3_4","23.2"
"T","ES","2009","Y15-64","PC","ED5-8","27.4"
"T","ES","2010","Y15-64","PC","ED0-2","48.1"
"T","ES","2010","Y15-64","PC","ED3-8","51.9"
"T","ES","2010","Y15-64","PC","ED3_4","23.4"
"T","ES","2010","Y15-64","PC","ED5-8","28.4"
"T","ES","2011","Y15-64","PC","ED0-2","47.0"
"T","ES","2011","Y15-64","PC","ED3-8","53.0"
"T","ES","2011","Y15-64","PC","ED3_4","23.7"
"T","ES","2011","Y15-64","PC","ED5-8","29.3"
"T","ES","2012","Y15-64","PC","ED0-2","46.4"
"T","ES","2012","Y15-64","PC","ED3-8","53.6"
"T","ES","2012","Y15-64","PC","ED3_4","23.6"
"T","ES","2012","Y15-64","PC","ED5-8","30.0"
"T","ES","2013","Y15-64","PC","ED0-2","45.6"
"T","ES","2013","Y15-64","PC","ED3-8","54.4"
"T","ES","2013","Y15-64","PC","ED3_4","23.5"
"T","ES","2013","Y15-64","PC","ED5-8","30.9"
"T","ES","2014","Y15-64","PC","ED0-2","44.5"
"T","ES","2014","Y15-64","PC","ED3-8","55.5"
"T","ES","2014","Y15-64","PC","ED3_4","23.9"
"T","ES","2014","Y15-64","PC","ED5-8","31.7"
"T","ES","2015","Y15-64","PC","ED0-2","43.5"
"T","ES","2015","Y15-64","PC","ED3-8","56.5"
"T","ES","2015","Y15-64","PC","ED3_4","24.4"
"T","ES","2015","Y15-64","PC","ED5-8","32.1"
"T","FR","2003","Y15-64","PC","ED0-2","37.0"
"T","FR","2003","Y15-64","PC","ED3-8","63.0"
"T","FR","2003","Y15-64","PC","ED3_4","40.8"
"T","FR","2003","Y15-64","PC","ED5-8","22.2"
"T","FR","2004","Y15-64","PC","ED0-2","36.3"
"T","FR","2004","Y15-64","PC","ED3-8","63.7"
"T","FR","2004","Y15-64","PC","ED3_4","41.0"
"T","FR","2004","Y15-64","PC","ED5-8","22.7"
"T","FR","2005","Y15-64","PC","ED0-2","35.5"
"T","FR","2005","Y15-64","PC","ED3-8","64.5"
"T","FR","2005","Y15-64","PC","ED3_4","41.1"
"T","FR","2005","Y15-64","PC","ED5-8","23.4"
"T","FR","2006","Y15-64","PC","ED0-2","35.0"
"T","FR","2006","Y15-64","PC","ED3-8","65.0"
"T","FR","2006","Y15-64","PC","ED3_4","41.1"
"T","FR","2006","Y15-64","PC","ED5-8","24.0"
"T","FR","2007","Y15-64","PC","ED0-2","34.0"
"T","FR","2007","Y15-64","PC","ED3-8","66.0"
"T","FR","2007","Y15-64","PC","ED3_4","41.6"
"T","FR","2007","Y15-64","PC","ED5-8","24.4"
"T","FR","2008","Y15-64","PC","ED0-2","33.0"
"T","FR","2008","Y15-64","PC","ED3-8","67.0"
"T","FR","2008","Y15-64","PC","ED3_4","42.3"
"T","FR","2008","Y15-64","PC","ED5-8","24.8"
"T","FR","2009","Y15-64","PC","ED0-2","32.4"
"T","FR","2009","Y15-64","PC","ED3-8","67.6"
"T","FR","2009","Y15-64","PC","ED3_4","41.8"
"T","FR","2009","Y15-64","PC","ED5-8","25.9"
"T","FR","2010","Y15-64","PC","ED0-2","31.9"
"T","FR","2010","Y15-64","PC","ED3-8","68.1"
"T","FR","2010","Y15-64","PC","ED3_4","41.9"
"T","FR","2010","Y15-64","PC","ED5-8","26.2"
"T","FR","2011","Y15-64","PC","ED0-2","31.2"
"T","FR","2011","Y15-64","PC","ED3-8","68.8"
"T","FR","2011","Y15-64","PC","ED3_4","42.0"
"T","FR","2011","Y15-64","PC","ED5-8","26.7"
"T","FR","2012","Y15-64","PC","ED0-2","30.4"
"T","FR","2012","Y15-64","PC","ED3-8","69.6"
"T","FR","2012","Y15-64","PC","ED3_4","41.9"
"T","FR","2012","Y15-64","PC","ED5-8","27.7"
"T","FR","2013","Y15-64","PC","ED0-2","28.0"
"T","FR","2013","Y15-64","PC","ED3-8","72.0"
"T","FR","2013","Y15-64","PC","ED3_4","43.1"
"T","FR","2013","Y15-64","PC","ED5-8","28.9"
"T","FR","2014","Y15-64","PC","ED0-2","26.5"
"T","FR","2014","Y15-64","PC","ED3-8","73.5"
"T","FR","2014","Y15-64","PC","ED3_4","43.7"
"T","FR","2014","Y15-64","PC","ED5-8","29.7"
"T","FR","2015","Y15-64","PC","ED0-2","26.0"
"T","FR","2015","Y15-64","PC","ED3-8","74.0"
"T","FR","2015","Y15-64","PC","ED3_4","43.6"
"T","FR","2015","Y15-64","PC","ED5-8","30.4"
"T","HR","2003","Y15-64","PC","ED0-2","31.9"
"T","HR","2003","Y15-64","PC","ED3-8","68.1"
"T","HR","2003","Y15-64","PC","ED3_4","55.0"
"T","HR","2003","Y15-64","PC","ED5-8","13.2"
"T","HR","2004","Y15-64","PC","ED0-2","30.4"
"T","HR","2004","Y15-64","PC","ED3-8","69.6"
"T","HR","2004","Y15-64","PC","ED3_4","56.4"
"T","HR","2004","Y15-64","PC","ED5-8","13.2"
"T","HR","2005","Y15-64","PC","ED0-2","29.3"
"T","HR","2005","Y15-64","PC","ED3-8","70.7"
"T","HR","2005","Y15-64","PC","ED3_4","57.3"
"T","HR","2005","Y15-64","PC","ED5-8","13.4"
"T","HR","2006","Y15-64","PC","ED0-2","28.3"
"T","HR","2006","Y15-64","PC","ED3-8","71.7"
"T","HR","2006","Y15-64","PC","ED3_4","58.2"
"T","HR","2006","Y15-64","PC","ED5-8","13.6"
"T","HR","2007","Y15-64","PC","ED0-2","26.7"
"T","HR","2007","Y15-64","PC","ED3-8","73.3"
"T","HR","2007","Y15-64","PC","ED3_4","59.9"
"T","HR","2007","Y15-64","PC","ED5-8","13.4"
"T","HR","2008","Y15-64","PC","ED0-2","25.9"
"T","HR","2008","Y15-64","PC","ED3-8","74.1"
"T","HR","2008","Y15-64","PC","ED3_4","60.5"
"T","HR","2008","Y15-64","PC","ED5-8","13.6"
"T","HR","2009","Y15-64","PC","ED0-2","25.3"
"T","HR","2009","Y15-64","PC","ED3-8","74.7"
"T","HR","2009","Y15-64","PC","ED3_4","60.2"
"T","HR","2009","Y15-64","PC","ED5-8","14.5"
"T","HR","2010","Y15-64","PC","ED0-2","25.4"
"T","HR","2010","Y15-64","PC","ED3-8","74.6"
"T","HR","2010","Y15-64","PC","ED3_4","58.8"
"T","HR","2010","Y15-64","PC","ED5-8","15.7"
"T","HR","2011","Y15-64","PC","ED0-2","24.6"
"T","HR","2011","Y15-64","PC","ED3-8","75.4"
"T","HR","2011","Y15-64","PC","ED3_4","60.0"
"T","HR","2011","Y15-64","PC","ED5-8","15.4"
"T","HR","2012","Y15-64","PC","ED0-2","23.1"
"T","HR","2012","Y15-64","PC","ED3-8","76.9"
"T","HR","2012","Y15-64","PC","ED3_4","61.1"
"T","HR","2012","Y15-64","PC","ED5-8","15.8"
"T","HR","2013","Y15-64","PC","ED0-2","22.4"
"T","HR","2013","Y15-64","PC","ED3-8","77.6"
"T","HR","2013","Y15-64","PC","ED3_4","60.5"
"T","HR","2013","Y15-64","PC","ED5-8","17.0"
"T","HR","2014","Y15-64","PC","ED0-2","20.8"
"T","HR","2014","Y15-64","PC","ED3-8","79.2"
"T","HR","2014","Y15-64","PC","ED3_4","60.7"
"T","HR","2014","Y15-64","PC","ED5-8","18.5"
"T","HR","2015","Y15-64","PC","ED0-2","20.3"
"T","HR","2015","Y15-64","PC","ED3-8","79.7"
"T","HR","2015","Y15-64","PC","ED3_4","60.1"
"T","HR","2015","Y15-64","PC","ED5-8","19.6"
"T","IT","2003","Y15-64","PC","ED0-2","53.7"
"T","IT","2003","Y15-64","PC","ED3-8","46.3"
"T","IT","2003","Y15-64","PC","ED3_4","37.2"
"T","IT","2003","Y15-64","PC","ED5-8","9.1"
"T","IT","2004","Y15-64","PC","ED0-2","51.8"
"T","IT","2004","Y15-64","PC","ED3-8","48.2"
"T","IT","2004","Y15-64","PC","ED3_4","38.1"
"T","IT","2004","Y15-64","PC","ED5-8","10.0"
"T","IT","2005","Y15-64","PC","ED0-2","50.6"
"T","IT","2005","Y15-64","PC","ED3-8","49.4"
"T","IT","2005","Y15-64","PC","ED3_4","38.6"
"T","IT","2005","Y15-64","PC","ED5-8","10.8"
"T","IT","2006","Y15-64","PC","ED0-2","49.5"
"T","IT","2006","Y15-64","PC","ED3-8","50.5"
"T","IT","2006","Y15-64","PC","ED3_4","39.1"
"T","IT","2006","Y15-64","PC","ED5-8","11.4"
"T","IT","2007","Y15-64","PC","ED0-2","48.7"
"T","IT","2007","Y15-64","PC","ED3-8","51.3"
"T","IT","2007","Y15-64","PC","ED3_4","39.3"
"T","IT","2007","Y15-64","PC","ED5-8","12.0"
"T","IT","2008","Y15-64","PC","ED0-2","47.9"
"T","IT","2008","Y15-64","PC","ED3-8","52.1"
"T","IT","2008","Y15-64","PC","ED3_4","39.5"
"T","IT","2008","Y15-64","PC","ED5-8","12.7"
"T","IT","2009","Y15-64","PC","ED0-2","47.1"
"T","IT","2009","Y15-64","PC","ED3-8","52.9"
"T","IT","2009","Y15-64","PC","ED3_4","40.1"
"T","IT","2009","Y15-64","PC","ED5-8","12.8"
"T","IT","2010","Y15-64","PC","ED0-2","46.3"
"T","IT","2010","Y15-64","PC","ED3-8","53.7"
"T","IT","2010","Y15-64","PC","ED3_4","40.7"
"T","IT","2010","Y15-64","PC","ED5-8","13.0"
"T","IT","2011","Y15-64","PC","ED0-2","45.5"
"T","IT","2011","Y15-64","PC","ED3-8","54.5"
"T","IT","2011","Y15-64","PC","ED3_4","41.4"
"T","IT","2011","Y15-64","PC","ED5-8","13.2"
"T","IT","2012","Y15-64","PC","ED0-2","44.2"
"T","IT","2012","Y15-64","PC","ED3-8","55.8"
"T","IT","2012","Y15-64","PC","ED3_4","41.9"
"T","IT","2012","Y15-64","PC","ED5-8","13.9"
"T","IT","2013","Y15-64","PC","ED0-2","43.4"
"T","IT","2013","Y15-64","PC","ED3-8","56.6"
"T","IT","2013","Y15-64","PC","ED3_4","42.2"
"T","IT","2013","Y15-64","PC","ED5-8","14.4"
"T","IT","2014","Y15-64","PC","ED0-2","42.3"
"T","IT","2014","Y15-64","PC","ED3-8","57.7"
"T","IT","2014","Y15-64","PC","ED3_4","42.7"
"T","IT","2014","Y15-64","PC","ED5-8","15.0"
"T","IT","2015","Y15-64","PC","ED0-2","41.9"
"T","IT","2015","Y15-64","PC","ED3-8","58.1"
"T","IT","2015","Y15-64","PC","ED3_4","42.7"
"T","IT","2015","Y15-64","PC","ED5-8","15.5"
"T","CY","2003","Y15-64","PC","ED0-2","38.3"
"T","CY","2003","Y15-64","PC","ED3-8","61.7"
"T","CY","2003","Y15-64","PC","ED3_4","35.6"
"T","CY","2003","Y15-64","PC","ED5-8","26.1"
"T","CY","2004","Y15-64","PC","ED0-2","39.2"
"T","CY","2004","Y15-64","PC","ED3-8","60.8"
"T","CY","2004","Y15-64","PC","ED3_4","35.1"
"T","CY","2004","Y15-64","PC","ED5-8","25.7"
"T","CY","2005","Y15-64","PC","ED0-2","36.2"
"T","CY","2005","Y15-64","PC","ED3-8","63.8"
"T","CY","2005","Y15-64","PC","ED3_4","38.1"
"T","CY","2005","Y15-64","PC","ED5-8","25.7"
"T","CY","2006","Y15-64","PC","ED0-2","33.6"
"T","CY","2006","Y15-64","PC","ED3-8","66.4"
"T","CY","2006","Y15-64","PC","ED3_4","38.8"
"T","CY","2006","Y15-64","PC","ED5-8","27.6"
"T","CY","2007","Y15-64","PC","ED0-2","31.1"
"T","CY","2007","Y15-64","PC","ED3-8","68.9"
"T","CY","2007","Y15-64","PC","ED3_4","39.1"
"T","CY","2007","Y15-64","PC","ED5-8","29.7"
"T","CY","2008","Y15-64","PC","ED0-2","30.4"
"T","CY","2008","Y15-64","PC","ED3-8","69.6"
"T","CY","2008","Y15-64","PC","ED3_4","38.6"
"T","CY","2008","Y15-64","PC","ED5-8","31.0"
"T","CY","2009","Y15-64","PC","ED0-2","31.2"
"T","CY","2009","Y15-64","PC","ED3-8","68.8"
"T","CY","2009","Y15-64","PC","ED3_4","38.2"
"T","CY","2009","Y15-64","PC","ED5-8","30.5"
"T","CY","2010","Y15-64","PC","ED0-2","29.6"
"T","CY","2010","Y15-64","PC","ED3-8","70.4"
"T","CY","2010","Y15-64","PC","ED3_4","38.3"
"T","CY","2010","Y15-64","PC","ED5-8","32.1"
"T","CY","2011","Y15-64","PC","ED0-2","28.3"
"T","CY","2011","Y15-64","PC","ED3-8","71.7"
"T","CY","2011","Y15-64","PC","ED3_4","38.0"
"T","CY","2011","Y15-64","PC","ED5-8","33.7"
"T","CY","2012","Y15-64","PC","ED0-2","26.4"
"T","CY","2012","Y15-64","PC","ED3-8","73.6"
"T","CY","2012","Y15-64","PC","ED3_4","38.6"
"T","CY","2012","Y15-64","PC","ED5-8","35.0"
"T","CY","2013","Y15-64","PC","ED0-2","25.4"
"T","CY","2013","Y15-64","PC","ED3-8","74.6"
"T","CY","2013","Y15-64","PC","ED3_4","39.2"
"T","CY","2013","Y15-64","PC","ED5-8","35.4"
"T","CY","2014","Y15-64","PC","ED0-2","26.1"
"T","CY","2014","Y15-64","PC","ED3-8","73.9"
"T","CY","2014","Y15-64","PC","ED3_4","37.5"
"T","CY","2014","Y15-64","PC","ED5-8","36.4"
"T","CY","2015","Y15-64","PC","ED0-2","25.5"
"T","CY","2015","Y15-64","PC","ED3-8","74.5"
"T","CY","2015","Y15-64","PC","ED3_4","38.1"
"T","CY","2015","Y15-64","PC","ED5-8","36.4"
"T","LV","2003","Y15-64","PC","ED0-2","25.6"
"T","LV","2003","Y15-64","PC","ED3-8","74.4"
"T","LV","2003","Y15-64","PC","ED3_4","59.5"
"T","LV","2003","Y15-64","PC","ED5-8","14.9"
"T","LV","2004","Y15-64","PC","ED0-2","24.5"
"T","LV","2004","Y15-64","PC","ED3-8","75.5"
"T","LV","2004","Y15-64","PC","ED3_4","59.0"
"T","LV","2004","Y15-64","PC","ED5-8","16.5"
"T","LV","2005","Y15-64","PC","ED0-2","24.6"
"T","LV","2005","Y15-64","PC","ED3-8","75.4"
"T","LV","2005","Y15-64","PC","ED3_4","58.5"
"T","LV","2005","Y15-64","PC","ED5-8","16.9"
"T","LV","2006","Y15-64","PC","ED0-2","24.6"
"T","LV","2006","Y15-64","PC","ED3-8","75.4"
"T","LV","2006","Y15-64","PC","ED3_4","58.0"
"T","LV","2006","Y15-64","PC","ED5-8","17.4"
"T","LV","2007","Y15-64","PC","ED0-2","24.0"
"T","LV","2007","Y15-64","PC","ED3-8","76.0"
"T","LV","2007","Y15-64","PC","ED3_4","57.5"
"T","LV","2007","Y15-64","PC","ED5-8","18.5"
"T","LV","2008","Y15-64","PC","ED0-2","22.8"
"T","LV","2008","Y15-64","PC","ED3-8","77.2"
"T","LV","2008","Y15-64","PC","ED3_4","56.5"
"T","LV","2008","Y15-64","PC","ED5-8","20.7"
"T","LV","2009","Y15-64","PC","ED0-2","21.5"
"T","LV","2009","Y15-64","PC","ED3-8","78.5"
"T","LV","2009","Y15-64","PC","ED3_4","57.0"
"T","LV","2009","Y15-64","PC","ED5-8","21.4"
"T","LV","2010","Y15-64","PC","ED0-2","19.5"
"T","LV","2010","Y15-64","PC","ED3-8","80.5"
"T","LV","2010","Y15-64","PC","ED3_4","57.8"
"T","LV","2010","Y15-64","PC","ED5-8","22.6"
"T","LV","2011","Y15-64","PC","ED0-2","19.5"
"T","LV","2011","Y15-64","PC","ED3-8","80.5"
"T","LV","2011","Y15-64","PC","ED3_4","56.8"
"T","LV","2011","Y15-64","PC","ED5-8","23.6"
"T","LV","2012","Y15-64","PC","ED0-2","17.4"
"T","LV","2012","Y15-64","PC","ED3-8","82.6"
"T","LV","2012","Y15-64","PC","ED3_4","57.4"
"T","LV","2012","Y15-64","PC","ED5-8","25.2"
"T","LV","2013","Y15-64","PC","ED0-2","16.6"
"T","LV","2013","Y15-64","PC","ED3-8","83.4"
"T","LV","2013","Y15-64","PC","ED3_4","56.4"
"T","LV","2013","Y15-64","PC","ED5-8","27.0"
"T","LV","2014","Y15-64","PC","ED0-2","16.1"
"T","LV","2014","Y15-64","PC","ED3-8","83.9"
"T","LV","2014","Y15-64","PC","ED3_4","57.0"
"T","LV","2014","Y15-64","PC","ED5-8","26.9"
"T","LV","2015","Y15-64","PC","ED0-2","15.6"
"T","LV","2015","Y15-64","PC","ED3-8","84.4"
"T","LV","2015","Y15-64","PC","ED3_4","56.3"
"T","LV","2015","Y15-64","PC","ED5-8","28.1"
"T","LT","2003","Y15-64","PC","ED0-2","22.3"
"T","LT","2003","Y15-64","PC","ED3-8","77.7"
"T","LT","2003","Y15-64","PC","ED3_4","57.9"
"T","LT","2003","Y15-64","PC","ED5-8","19.8"
"T","LT","2004","Y15-64","PC","ED0-2","21.6"
"T","LT","2004","Y15-64","PC","ED3-8","78.4"
"T","LT","2004","Y15-64","PC","ED3_4","56.8"
"T","LT","2004","Y15-64","PC","ED5-8","21.6"
"T","LT","2005","Y15-64","PC","ED0-2","20.8"
"T","LT","2005","Y15-64","PC","ED3-8","79.2"
"T","LT","2005","Y15-64","PC","ED3_4","56.9"
"T","LT","2005","Y15-64","PC","ED5-8","22.4"
"T","LT","2006","Y15-64","PC","ED0-2","20.7"
"T","LT","2006","Y15-64","PC","ED3-8","79.3"
"T","LT","2006","Y15-64","PC","ED3_4","57.4"
"T","LT","2006","Y15-64","PC","ED5-8","22.0"
"T","LT","2007","Y15-64","PC","ED0-2","19.9"
"T","LT","2007","Y15-64","PC","ED3-8","80.1"
"T","LT","2007","Y15-64","PC","ED3_4","56.4"
"T","LT","2007","Y15-64","PC","ED5-8","23.7"
"T","LT","2008","Y15-64","PC","ED0-2","18.5"
"T","LT","2008","Y15-64","PC","ED3-8","81.5"
"T","LT","2008","Y15-64","PC","ED3_4","56.1"
"T","LT","2008","Y15-64","PC","ED5-8","25.3"
"T","LT","2009","Y15-64","PC","ED0-2","18.0"
"T","LT","2009","Y15-64","PC","ED3-8","82.0"
"T","LT","2009","Y15-64","PC","ED3_4","56.5"
"T","LT","2009","Y15-64","PC","ED5-8","25.5"
"T","LT","2010","Y15-64","PC","ED0-2","17.1"
"T","LT","2010","Y15-64","PC","ED3-8","82.9"
"T","LT","2010","Y15-64","PC","ED3_4","56.0"
"T","LT","2010","Y15-64","PC","ED5-8","26.9"
"T","LT","2011","Y15-64","PC","ED0-2","15.9"
"T","LT","2011","Y15-64","PC","ED3-8","84.1"
"T","LT","2011","Y15-64","PC","ED3_4","56.3"
"T","LT","2011","Y15-64","PC","ED5-8","27.9"
"T","LT","2012","Y15-64","PC","ED0-2","15.0"
"T","LT","2012","Y15-64","PC","ED3-8","85.0"
"T","LT","2012","Y15-64","PC","ED3_4","56.4"
"T","LT","2012","Y15-64","PC","ED5-8","28.6"
"T","LT","2013","Y15-64","PC","ED0-2","14.4"
"T","LT","2013","Y15-64","PC","ED3-8","85.6"
"T","LT","2013","Y15-64","PC","ED3_4","55.8"
"T","LT","2013","Y15-64","PC","ED5-8","29.8"
"T","LT","2014","Y15-64","PC","ED0-2","14.2"
"T","LT","2014","Y15-64","PC","ED3-8","85.8"
"T","LT","2014","Y15-64","PC","ED3_4","54.3"
"T","LT","2014","Y15-64","PC","ED5-8","31.4"
"T","LT","2015","Y15-64","PC","ED0-2","13.8"
"T","LT","2015","Y15-64","PC","ED3-8","86.2"
"T","LT","2015","Y15-64","PC","ED3_4","53.0"
"T","LT","2015","Y15-64","PC","ED5-8","33.2"
"T","LU","2003","Y15-64","PC","ED0-2","43.3"
"T","LU","2003","Y15-64","PC","ED3-8","56.7"
"T","LU","2003","Y15-64","PC","ED3_4","44.0"
"T","LU","2003","Y15-64","PC","ED5-8","12.6"
"T","LU","2004","Y15-64","PC","ED0-2","40.3"
"T","LU","2004","Y15-64","PC","ED3-8","59.7"
"T","LU","2004","Y15-64","PC","ED3_4","38.9"
"T","LU","2004","Y15-64","PC","ED5-8","20.8"
"T","LU","2005","Y15-64","PC","ED0-2","38.7"
"T","LU","2005","Y15-64","PC","ED3-8","61.3"
"T","LU","2005","Y15-64","PC","ED3_4","38.3"
"T","LU","2005","Y15-64","PC","ED5-8","23.0"
"T","LU","2006","Y15-64","PC","ED0-2","39.3"
"T","LU","2006","Y15-64","PC","ED3-8","60.7"
"T","LU","2006","Y15-64","PC","ED3_4","40.2"
"T","LU","2006","Y15-64","PC","ED5-8","20.5"
"T","LU","2007","Y15-64","PC","ED0-2","38.7"
"T","LU","2007","Y15-64","PC","ED3-8","61.3"
"T","LU","2007","Y15-64","PC","ED3_4","38.6"
"T","LU","2007","Y15-64","PC","ED5-8","22.7"
"T","LU","2008","Y15-64","PC","ED0-2","36.8"
"T","LU","2008","Y15-64","PC","ED3-8","63.2"
"T","LU","2008","Y15-64","PC","ED3_4","39.5"
"T","LU","2008","Y15-64","PC","ED5-8","23.7"
"T","LU","2009","Y15-64","PC","ED0-2","28.5"
"T","LU","2009","Y15-64","PC","ED3-8","71.5"
"T","LU","2009","Y15-64","PC","ED3_4","41.3"
"T","LU","2009","Y15-64","PC","ED5-8","30.2"
"T","LU","2010","Y15-64","PC","ED0-2","28.9"
"T","LU","2010","Y15-64","PC","ED3-8","71.1"
"T","LU","2010","Y15-64","PC","ED3_4","40.8"
"T","LU","2010","Y15-64","PC","ED5-8","30.3"
"T","LU","2011","Y15-64","PC","ED0-2","29.1"
"T","LU","2011","Y15-64","PC","ED3-8","70.9"
"T","LU","2011","Y15-64","PC","ED3_4","39.3"
"T","LU","2011","Y15-64","PC","ED5-8","31.7"
"T","LU","2012","Y15-64","PC","ED0-2","28.4"
"T","LU","2012","Y15-64","PC","ED3-8","71.6"
"T","LU","2012","Y15-64","PC","ED3_4","38.2"
"T","LU","2012","Y15-64","PC","ED5-8","33.4"
"T","LU","2013","Y15-64","PC","ED0-2","26.1"
"T","LU","2013","Y15-64","PC","ED3-8","73.9"
"T","LU","2013","Y15-64","PC","ED3_4","38.6"
"T","LU","2013","Y15-64","PC","ED5-8","35.2"
"T","LU","2014","Y15-64","PC","ED0-2","24.9"
"T","LU","2014","Y15-64","PC","ED3-8","75.1"
"T","LU","2014","Y15-64","PC","ED3_4","35.5"
"T","LU","2014","Y15-64","PC","ED5-8","39.6"
"T","LU","2015","Y15-64","PC","ED0-2","30.3"
"T","LU","2015","Y15-64","PC","ED3-8","69.7"
"T","LU","2015","Y15-64","PC","ED3_4","34.5"
"T","LU","2015","Y15-64","PC","ED5-8","35.2"
"T","HU","2003","Y15-64","PC","ED0-2","30.1"
"T","HU","2003","Y15-64","PC","ED3-8","69.9"
"T","HU","2003","Y15-64","PC","ED3_4","56.8"
"T","HU","2003","Y15-64","PC","ED5-8","13.1"
"T","HU","2004","Y15-64","PC","ED0-2","29.3"
"T","HU","2004","Y15-64","PC","ED3-8","70.7"
"T","HU","2004","Y15-64","PC","ED3_4","56.5"
"T","HU","2004","Y15-64","PC","ED5-8","14.2"
"T","HU","2005","Y15-64","PC","ED0-2","28.5"
"T","HU","2005","Y15-64","PC","ED3-8","71.5"
"T","HU","2005","Y15-64","PC","ED3_4","56.9"
"T","HU","2005","Y15-64","PC","ED5-8","14.5"
"T","HU","2006","Y15-64","PC","ED0-2","27.3"
"T","HU","2006","Y15-64","PC","ED3-8","72.7"
"T","HU","2006","Y15-64","PC","ED3_4","57.7"
"T","HU","2006","Y15-64","PC","ED5-8","15.0"
"T","HU","2007","Y15-64","PC","ED0-2","26.3"
"T","HU","2007","Y15-64","PC","ED3-8","73.7"
"T","HU","2007","Y15-64","PC","ED3_4","58.3"
"T","HU","2007","Y15-64","PC","ED5-8","15.4"
"T","HU","2008","Y15-64","PC","ED0-2","25.8"
"T","HU","2008","Y15-64","PC","ED3-8","74.2"
"T","HU","2008","Y15-64","PC","ED3_4","57.8"
"T","HU","2008","Y15-64","PC","ED5-8","16.4"
"T","HU","2009","Y15-64","PC","ED0-2","25.0"
"T","HU","2009","Y15-64","PC","ED3-8","75.0"
"T","HU","2009","Y15-64","PC","ED3_4","58.1"
"T","HU","2009","Y15-64","PC","ED5-8","16.9"
"T","HU","2010","Y15-64","PC","ED0-2","24.4"
"T","HU","2010","Y15-64","PC","ED3-8","75.6"
"T","HU","2010","Y15-64","PC","ED3_4","58.5"
"T","HU","2010","Y15-64","PC","ED5-8","17.1"
"T","HU","2011","Y15-64","PC","ED0-2","24.3"
"T","HU","2011","Y15-64","PC","ED3-8","75.7"
"T","HU","2011","Y15-64","PC","ED3_4","57.7"
"T","HU","2011","Y15-64","PC","ED5-8","18.0"
"T","HU","2012","Y15-64","PC","ED0-2","23.5"
"T","HU","2012","Y15-64","PC","ED3-8","76.5"
"T","HU","2012","Y15-64","PC","ED3_4","57.5"
"T","HU","2012","Y15-64","PC","ED5-8","19.0"
"T","HU","2013","Y15-64","PC","ED0-2","22.8"
"T","HU","2013","Y15-64","PC","ED3-8","77.2"
"T","HU","2013","Y15-64","PC","ED3_4","57.8"
"T","HU","2013","Y15-64","PC","ED5-8","19.5"
"T","HU","2014","Y15-64","PC","ED0-2","22.0"
"T","HU","2014","Y15-64","PC","ED3-8","78.0"
"T","HU","2014","Y15-64","PC","ED3_4","57.7"
"T","HU","2014","Y15-64","PC","ED5-8","20.2"
"T","HU","2015","Y15-64","PC","ED0-2","21.9"
"T","HU","2015","Y15-64","PC","ED3-8","78.1"
"T","HU","2015","Y15-64","PC","ED3_4","57.2"
"T","HU","2015","Y15-64","PC","ED5-8","20.9"
"T","MT","2003","Y15-64","PC","ED0-2","78.1"
"T","MT","2003","Y15-64","PC","ED3-8","21.9"
"T","MT","2003","Y15-64","PC","ED3_4","13.4"
"T","MT","2003","Y15-64","PC","ED5-8","8.5"
"T","MT","2004","Y15-64","PC","ED0-2","74.0"
"T","MT","2004","Y15-64","PC","ED3-8","26.0"
"T","MT","2004","Y15-64","PC","ED3_4","15.8"
"T","MT","2004","Y15-64","PC","ED5-8","10.2"
"T","MT","2005","Y15-64","PC","ED0-2","68.9"
"T","MT","2005","Y15-64","PC","ED3-8","31.1"
"T","MT","2005","Y15-64","PC","ED3_4","20.7"
"T","MT","2005","Y15-64","PC","ED5-8","10.3"
"T","MT","2006","Y15-64","PC","ED0-2","67.5"
"T","MT","2006","Y15-64","PC","ED3-8","32.5"
"T","MT","2006","Y15-64","PC","ED3_4","21.5"
"T","MT","2006","Y15-64","PC","ED5-8","11.1"
"T","MT","2007","Y15-64","PC","ED0-2","67.3"
"T","MT","2007","Y15-64","PC","ED3-8","32.7"
"T","MT","2007","Y15-64","PC","ED3_4","21.0"
"T","MT","2007","Y15-64","PC","ED5-8","11.7"
"T","MT","2008","Y15-64","PC","ED0-2","65.1"
"T","MT","2008","Y15-64","PC","ED3-8","34.9"
"T","MT","2008","Y15-64","PC","ED3_4","22.8"
"T","MT","2008","Y15-64","PC","ED5-8","12.1"
"T","MT","2009","Y15-64","PC","ED0-2","62.0"
"T","MT","2009","Y15-64","PC","ED3-8","38.0"
"T","MT","2009","Y15-64","PC","ED3_4","25.2"
"T","MT","2009","Y15-64","PC","ED5-8","12.8"
"T","MT","2010","Y15-64","PC","ED0-2","60.3"
"T","MT","2010","Y15-64","PC","ED3-8","39.7"
"T","MT","2010","Y15-64","PC","ED3_4","25.6"
"T","MT","2010","Y15-64","PC","ED5-8","14.2"
"T","MT","2011","Y15-64","PC","ED0-2","58.9"
"T","MT","2011","Y15-64","PC","ED3-8","41.1"
"T","MT","2011","Y15-64","PC","ED3_4","26.0"
"T","MT","2011","Y15-64","PC","ED5-8","15.1"
"T","MT","2012","Y15-64","PC","ED0-2","56.7"
"T","MT","2012","Y15-64","PC","ED3-8","43.3"
"T","MT","2012","Y15-64","PC","ED3_4","26.9"
"T","MT","2012","Y15-64","PC","ED5-8","16.4"
"T","MT","2013","Y15-64","PC","ED0-2","54.9"
"T","MT","2013","Y15-64","PC","ED3-8","45.1"
"T","MT","2013","Y15-64","PC","ED3_4","27.9"
"T","MT","2013","Y15-64","PC","ED5-8","17.2"
"T","MT","2014","Y15-64","PC","ED0-2","53.6"
"T","MT","2014","Y15-64","PC","ED3-8","46.4"
"T","MT","2014","Y15-64","PC","ED3_4","28.4"
"T","MT","2014","Y15-64","PC","ED5-8","18.0"
"T","MT","2015","Y15-64","PC","ED0-2","52.4"
"T","MT","2015","Y15-64","PC","ED3-8","47.6"
"T","MT","2015","Y15-64","PC","ED3_4","29.5"
"T","MT","2015","Y15-64","PC","ED5-8","18.1"
"T","NL","2003","Y15-64","PC","ED0-2","34.8"
"T","NL","2003","Y15-64","PC","ED3-8","65.2"
"T","NL","2003","Y15-64","PC","ED3_4","41.4"
"T","NL","2003","Y15-64","PC","ED5-8","23.8"
"T","NL","2004","Y15-64","PC","ED0-2","33.3"
"T","NL","2004","Y15-64","PC","ED3-8","66.7"
"T","NL","2004","Y15-64","PC","ED3_4","41.1"
"T","NL","2004","Y15-64","PC","ED5-8","25.7"
"T","NL","2005","Y15-64","PC","ED0-2","32.6"
"T","NL","2005","Y15-64","PC","ED3-8","67.4"
"T","NL","2005","Y15-64","PC","ED3_4","41.2"
"T","NL","2005","Y15-64","PC","ED5-8","26.2"
"T","NL","2006","Y15-64","PC","ED0-2","32.3"
"T","NL","2006","Y15-64","PC","ED3-8","67.7"
"T","NL","2006","Y15-64","PC","ED3_4","41.5"
"T","NL","2006","Y15-64","PC","ED5-8","26.2"
"T","NL","2007","Y15-64","PC","ED0-2","31.5"
"T","NL","2007","Y15-64","PC","ED3-8","68.5"
"T","NL","2007","Y15-64","PC","ED3_4","41.9"
"T","NL","2007","Y15-64","PC","ED5-8","26.7"
"T","NL","2008","Y15-64","PC","ED0-2","31.3"
"T","NL","2008","Y15-64","PC","ED3-8","68.7"
"T","NL","2008","Y15-64","PC","ED3_4","40.8"
"T","NL","2008","Y15-64","PC","ED5-8","27.8"
"T","NL","2009","Y15-64","PC","ED0-2","31.2"
"T","NL","2009","Y15-64","PC","ED3-8","68.8"
"T","NL","2009","Y15-64","PC","ED3_4","40.4"
"T","NL","2009","Y15-64","PC","ED5-8","28.4"
"T","NL","2010","Y15-64","PC","ED0-2","31.9"
"T","NL","2010","Y15-64","PC","ED3-8","68.1"
"T","NL","2010","Y15-64","PC","ED3_4","40.4"
"T","NL","2010","Y15-64","PC","ED5-8","27.7"
"T","NL","2011","Y15-64","PC","ED0-2","31.6"
"T","NL","2011","Y15-64","PC","ED3-8","68.4"
"T","NL","2011","Y15-64","PC","ED3_4","40.4"
"T","NL","2011","Y15-64","PC","ED5-8","28.0"
"T","NL","2012","Y15-64","PC","ED0-2","30.8"
"T","NL","2012","Y15-64","PC","ED3-8","69.2"
"T","NL","2012","Y15-64","PC","ED3_4","40.6"
"T","NL","2012","Y15-64","PC","ED5-8","28.6"
"T","NL","2013","Y15-64","PC","ED0-2","29.0"
"T","NL","2013","Y15-64","PC","ED3-8","71.0"
"T","NL","2013","Y15-64","PC","ED3_4","41.6"
"T","NL","2013","Y15-64","PC","ED5-8","29.3"
"T","NL","2014","Y15-64","PC","ED0-2","28.8"
"T","NL","2014","Y15-64","PC","ED3-8","71.2"
"T","NL","2014","Y15-64","PC","ED3_4","41.4"
"T","NL","2014","Y15-64","PC","ED5-8","29.7"
"T","NL","2015","Y15-64","PC","ED0-2","28.4"
"T","NL","2015","Y15-64","PC","ED3-8","71.6"
"T","NL","2015","Y15-64","PC","ED3_4","41.1"
"T","NL","2015","Y15-64","PC","ED5-8","30.5"
"T","AT","2003","Y15-64","PC","ED0-2",""
"T","AT","2003","Y15-64","PC","ED3-8",""
"T","AT","2003","Y15-64","PC","ED3_4",""
"T","AT","2003","Y15-64","PC","ED5-8",""
"T","AT","2004","Y15-64","PC","ED0-2","24.7"
"T","AT","2004","Y15-64","PC","ED3-8","75.3"
"T","AT","2004","Y15-64","PC","ED3_4","59.8"
"T","AT","2004","Y15-64","PC","ED5-8","15.4"
"T","AT","2005","Y15-64","PC","ED0-2","24.5"
"T","AT","2005","Y15-64","PC","ED3-8","75.5"
"T","AT","2005","Y15-64","PC","ED3_4","60.5"
"T","AT","2005","Y15-64","PC","ED5-8","15.0"
"T","AT","2006","Y15-64","PC","ED0-2","25.0"
"T","AT","2006","Y15-64","PC","ED3-8","75.0"
"T","AT","2006","Y15-64","PC","ED3_4","60.3"
"T","AT","2006","Y15-64","PC","ED5-8","14.7"
"T","AT","2007","Y15-64","PC","ED0-2","25.4"
"T","AT","2007","Y15-64","PC","ED3-8","74.6"
"T","AT","2007","Y15-64","PC","ED3_4","60.0"
"T","AT","2007","Y15-64","PC","ED5-8","14.6"
"T","AT","2008","Y15-64","PC","ED0-2","24.6"
"T","AT","2008","Y15-64","PC","ED3-8","75.4"
"T","AT","2008","Y15-64","PC","ED3_4","60.4"
"T","AT","2008","Y15-64","PC","ED5-8","15.0"
"T","AT","2009","Y15-64","PC","ED0-2","23.8"
"T","AT","2009","Y15-64","PC","ED3-8","76.2"
"T","AT","2009","Y15-64","PC","ED3_4","60.2"
"T","AT","2009","Y15-64","PC","ED5-8","16.0"
"T","AT","2010","Y15-64","PC","ED0-2","23.2"
"T","AT","2010","Y15-64","PC","ED3-8","76.8"
"T","AT","2010","Y15-64","PC","ED3_4","60.5"
"T","AT","2010","Y15-64","PC","ED5-8","16.2"
"T","AT","2011","Y15-64","PC","ED0-2","23.1"
"T","AT","2011","Y15-64","PC","ED3-8","76.9"
"T","AT","2011","Y15-64","PC","ED3_4","60.6"
"T","AT","2011","Y15-64","PC","ED5-8","16.3"
"T","AT","2012","Y15-64","PC","ED0-2","22.4"
"T","AT","2012","Y15-64","PC","ED3-8","77.6"
"T","AT","2012","Y15-64","PC","ED3_4","60.8"
"T","AT","2012","Y15-64","PC","ED5-8","16.9"
"T","AT","2013","Y15-64","PC","ED0-2","22.2"
"T","AT","2013","Y15-64","PC","ED3-8","77.8"
"T","AT","2013","Y15-64","PC","ED3_4","60.2"
"T","AT","2013","Y15-64","PC","ED5-8","17.7"
"T","AT","2014","Y15-64","PC","ED0-2","20.3"
"T","AT","2014","Y15-64","PC","ED3-8","79.7"
"T","AT","2014","Y15-64","PC","ED3_4","52.4"
"T","AT","2014","Y15-64","PC","ED5-8","27.4"
"T","AT","2015","Y15-64","PC","ED0-2","19.6"
"T","AT","2015","Y15-64","PC","ED3-8","80.4"
"T","AT","2015","Y15-64","PC","ED3_4","52.3"
"T","AT","2015","Y15-64","PC","ED5-8","28.1"
"T","PL","2003","Y15-64","PC","ED0-2","24.1"
"T","PL","2003","Y15-64","PC","ED3-8","75.9"
"T","PL","2003","Y15-64","PC","ED3_4","64.3"
"T","PL","2003","Y15-64","PC","ED5-8","11.6"
"T","PL","2004","Y15-64","PC","ED0-2","23.0"
"T","PL","2004","Y15-64","PC","ED3-8","77.0"
"T","PL","2004","Y15-64","PC","ED3_4","64.2"
"T","PL","2004","Y15-64","PC","ED5-8","12.8"
"T","PL","2005","Y15-64","PC","ED0-2","21.8"
"T","PL","2005","Y15-64","PC","ED3-8","78.2"
"T","PL","2005","Y15-64","PC","ED3_4","64.3"
"T","PL","2005","Y15-64","PC","ED5-8","13.9"
"T","PL","2006","Y15-64","PC","ED0-2","21.0"
"T","PL","2006","Y15-64","PC","ED3-8","79.0"
"T","PL","2006","Y15-64","PC","ED3_4","64.2"
"T","PL","2006","Y15-64","PC","ED5-8","14.9"
"T","PL","2007","Y15-64","PC","ED0-2","20.4"
"T","PL","2007","Y15-64","PC","ED3-8","79.6"
"T","PL","2007","Y15-64","PC","ED3_4","63.9"
"T","PL","2007","Y15-64","PC","ED5-8","15.7"
"T","PL","2008","Y15-64","PC","ED0-2","19.6"
"T","PL","2008","Y15-64","PC","ED3-8","80.4"
"T","PL","2008","Y15-64","PC","ED3_4","63.8"
"T","PL","2008","Y15-64","PC","ED5-8","16.5"
"T","PL","2009","Y15-64","PC","ED0-2","18.7"
"T","PL","2009","Y15-64","PC","ED3-8","81.3"
"T","PL","2009","Y15-64","PC","ED3_4","63.2"
"T","PL","2009","Y15-64","PC","ED5-8","18.1"
"T","PL","2010","Y15-64","PC","ED0-2","18.0"
"T","PL","2010","Y15-64","PC","ED3-8","82.0"
"T","PL","2010","Y15-64","PC","ED3_4","62.6"
"T","PL","2010","Y15-64","PC","ED5-8","19.4"
"T","PL","2011","Y15-64","PC","ED0-2","17.5"
"T","PL","2011","Y15-64","PC","ED3-8","82.5"
"T","PL","2011","Y15-64","PC","ED3_4","62.2"
"T","PL","2011","Y15-64","PC","ED5-8","20.3"
"T","PL","2012","Y15-64","PC","ED0-2","16.7"
"T","PL","2012","Y15-64","PC","ED3-8","83.3"
"T","PL","2012","Y15-64","PC","ED3_4","61.8"
"T","PL","2012","Y15-64","PC","ED5-8","21.5"
"T","PL","2013","Y15-64","PC","ED0-2","16.1"
"T","PL","2013","Y15-64","PC","ED3-8","83.9"
"T","PL","2013","Y15-64","PC","ED3_4","61.3"
"T","PL","2013","Y15-64","PC","ED5-8","22.6"
"T","PL","2014","Y15-64","PC","ED0-2","15.5"
"T","PL","2014","Y15-64","PC","ED3-8","84.5"
"T","PL","2014","Y15-64","PC","ED3_4","60.7"
"T","PL","2014","Y15-64","PC","ED5-8","23.8"
"T","PL","2015","Y15-64","PC","ED0-2","15.2"
"T","PL","2015","Y15-64","PC","ED3-8","84.8"
"T","PL","2015","Y15-64","PC","ED3_4","60.3"
"T","PL","2015","Y15-64","PC","ED5-8","24.4"
"T","PT","2003","Y15-64","PC","ED0-2","75.7"
"T","PT","2003","Y15-64","PC","ED3-8","24.3"
"T","PT","2003","Y15-64","PC","ED3_4","14.9"
"T","PT","2003","Y15-64","PC","ED5-8","9.4"
"T","PT","2004","Y15-64","PC","ED0-2","73.7"
"T","PT","2004","Y15-64","PC","ED3-8","26.3"
"T","PT","2004","Y15-64","PC","ED3_4","15.5"
"T","PT","2004","Y15-64","PC","ED5-8","10.8"
"T","PT","2005","Y15-64","PC","ED0-2","72.7"
"T","PT","2005","Y15-64","PC","ED3-8","27.3"
"T","PT","2005","Y15-64","PC","ED3_4","16.3"
"T","PT","2005","Y15-64","PC","ED5-8","11.1"
"T","PT","2006","Y15-64","PC","ED0-2","71.7"
"T","PT","2006","Y15-64","PC","ED3-8","28.3"
"T","PT","2006","Y15-64","PC","ED3_4","16.7"
"T","PT","2006","Y15-64","PC","ED5-8","11.7"
"T","PT","2007","Y15-64","PC","ED0-2","71.4"
"T","PT","2007","Y15-64","PC","ED3-8","28.6"
"T","PT","2007","Y15-64","PC","ED3_4","16.6"
"T","PT","2007","Y15-64","PC","ED5-8","12.0"
"T","PT","2008","Y15-64","PC","ED0-2","70.8"
"T","PT","2008","Y15-64","PC","ED3-8","29.2"
"T","PT","2008","Y15-64","PC","ED3_4","16.6"
"T","PT","2008","Y15-64","PC","ED5-8","12.6"
"T","PT","2009","Y15-64","PC","ED0-2","69.2"
"T","PT","2009","Y15-64","PC","ED3-8","30.8"
"T","PT","2009","Y15-64","PC","ED3_4","17.7"
"T","PT","2009","Y15-64","PC","ED5-8","13.1"
"T","PT","2010","Y15-64","PC","ED0-2","67.3"
"T","PT","2010","Y15-64","PC","ED3-8","32.7"
"T","PT","2010","Y15-64","PC","ED3_4","18.8"
"T","PT","2010","Y15-64","PC","ED5-8","13.9"
"T","PT","2011","Y15-64","PC","ED0-2","64.2"
"T","PT","2011","Y15-64","PC","ED3-8","35.8"
"T","PT","2011","Y15-64","PC","ED3_4","20.3"
"T","PT","2011","Y15-64","PC","ED5-8","15.5"
"T","PT","2012","Y15-64","PC","ED0-2","61.6"
"T","PT","2012","Y15-64","PC","ED3-8","38.4"
"T","PT","2012","Y15-64","PC","ED3_4","21.7"
"T","PT","2012","Y15-64","PC","ED5-8","16.7"
"T","PT","2013","Y15-64","PC","ED0-2","59.4"
"T","PT","2013","Y15-64","PC","ED3-8","40.6"
"T","PT","2013","Y15-64","PC","ED3_4","23.0"
"T","PT","2013","Y15-64","PC","ED5-8","17.6"
"T","PT","2014","Y15-64","PC","ED0-2","56.3"
"T","PT","2014","Y15-64","PC","ED3-8","43.7"
"T","PT","2014","Y15-64","PC","ED3_4","24.0"
"T","PT","2014","Y15-64","PC","ED5-8","19.7"
"T","PT","2015","Y15-64","PC","ED0-2","54.4"
"T","PT","2015","Y15-64","PC","ED3-8","45.6"
"T","PT","2015","Y15-64","PC","ED3_4","24.9"
"T","PT","2015","Y15-64","PC","ED5-8","20.7"
"T","RO","2003","Y15-64","PC","ED0-2","35.5"
"T","RO","2003","Y15-64","PC","ED3-8","64.5"
"T","RO","2003","Y15-64","PC","ED3_4","56.6"
"T","RO","2003","Y15-64","PC","ED5-8","7.9"
"T","RO","2004","Y15-64","PC","ED0-2","34.5"
"T","RO","2004","Y15-64","PC","ED3-8","65.5"
"T","RO","2004","Y15-64","PC","ED3_4","56.8"
"T","RO","2004","Y15-64","PC","ED5-8","8.7"
"T","RO","2005","Y15-64","PC","ED0-2","33.3"
"T","RO","2005","Y15-64","PC","ED3-8","66.7"
"T","RO","2005","Y15-64","PC","ED3_4","57.6"
"T","RO","2005","Y15-64","PC","ED5-8","9.1"
"T","RO","2006","Y15-64","PC","ED0-2","32.1"
"T","RO","2006","Y15-64","PC","ED3-8","67.9"
"T","RO","2006","Y15-64","PC","ED3_4","58.4"
"T","RO","2006","Y15-64","PC","ED5-8","9.6"
"T","RO","2007","Y15-64","PC","ED0-2","30.9"
"T","RO","2007","Y15-64","PC","ED3-8","69.1"
"T","RO","2007","Y15-64","PC","ED3_4","59.1"
"T","RO","2007","Y15-64","PC","ED5-8","9.9"
"T","RO","2008","Y15-64","PC","ED0-2","30.2"
"T","RO","2008","Y15-64","PC","ED3-8","69.8"
"T","RO","2008","Y15-64","PC","ED3_4","59.2"
"T","RO","2008","Y15-64","PC","ED5-8","10.7"
"T","RO","2009","Y15-64","PC","ED0-2","30.2"
"T","RO","2009","Y15-64","PC","ED3-8","69.8"
"T","RO","2009","Y15-64","PC","ED3_4","58.6"
"T","RO","2009","Y15-64","PC","ED5-8","11.2"
"T","RO","2010","Y15-64","PC","ED0-2","30.6"
"T","RO","2010","Y15-64","PC","ED3-8","69.4"
"T","RO","2010","Y15-64","PC","ED3_4","57.5"
"T","RO","2010","Y15-64","PC","ED5-8","11.9"
"T","RO","2011","Y15-64","PC","ED0-2","30.0"
"T","RO","2011","Y15-64","PC","ED3-8","70.0"
"T","RO","2011","Y15-64","PC","ED3_4","57.2"
"T","RO","2011","Y15-64","PC","ED5-8","12.9"
"T","RO","2012","Y15-64","PC","ED0-2","29.2"
"T","RO","2012","Y15-64","PC","ED3-8","70.8"
"T","RO","2012","Y15-64","PC","ED3_4","57.3"
"T","RO","2012","Y15-64","PC","ED5-8","13.5"
"T","RO","2013","Y15-64","PC","ED0-2","28.9"
"T","RO","2013","Y15-64","PC","ED3-8","71.1"
"T","RO","2013","Y15-64","PC","ED3_4","57.3"
"T","RO","2013","Y15-64","PC","ED5-8","13.8"
"T","RO","2014","Y15-64","PC","ED0-2","31.2"
"T","RO","2014","Y15-64","PC","ED3-8","68.8"
"T","RO","2014","Y15-64","PC","ED3_4","54.6"
"T","RO","2014","Y15-64","PC","ED5-8","14.2"
"T","RO","2015","Y15-64","PC","ED0-2","29.4"
"T","RO","2015","Y15-64","PC","ED3-8","70.6"
"T","RO","2015","Y15-64","PC","ED3_4","55.6"
"T","RO","2015","Y15-64","PC","ED5-8","15.0"
"T","SI","2003","Y15-64","PC","ED0-2","25.5"
"T","SI","2003","Y15-64","PC","ED3-8","74.5"
"T","SI","2003","Y15-64","PC","ED3_4","60.1"
"T","SI","2003","Y15-64","PC","ED5-8","14.4"
"T","SI","2004","Y15-64","PC","ED0-2","24.4"
"T","SI","2004","Y15-64","PC","ED3-8","75.6"
"T","SI","2004","Y15-64","PC","ED3_4","59.9"
"T","SI","2004","Y15-64","PC","ED5-8","15.7"
"T","SI","2005","Y15-64","PC","ED0-2","24.0"
"T","SI","2005","Y15-64","PC","ED3-8","76.0"
"T","SI","2005","Y15-64","PC","ED3_4","59.4"
"T","SI","2005","Y15-64","PC","ED5-8","16.7"
"T","SI","2006","Y15-64","PC","ED0-2","22.8"
"T","SI","2006","Y15-64","PC","ED3-8","77.2"
"T","SI","2006","Y15-64","PC","ED3_4","59.4"
"T","SI","2006","Y15-64","PC","ED5-8","17.8"
"T","SI","2007","Y15-64","PC","ED0-2","22.2"
"T","SI","2007","Y15-64","PC","ED3-8","77.8"
"T","SI","2007","Y15-64","PC","ED3_4","59.3"
"T","SI","2007","Y15-64","PC","ED5-8","18.5"
"T","SI","2008","Y15-64","PC","ED0-2","21.9"
"T","SI","2008","Y15-64","PC","ED3-8","78.1"
"T","SI","2008","Y15-64","PC","ED3_4","59.2"
"T","SI","2008","Y15-64","PC","ED5-8","19.0"
"T","SI","2009","Y15-64","PC","ED0-2","20.8"
"T","SI","2009","Y15-64","PC","ED3-8","79.2"
"T","SI","2009","Y15-64","PC","ED3_4","59.6"
"T","SI","2009","Y15-64","PC","ED5-8","19.6"
"T","SI","2010","Y15-64","PC","ED0-2","20.9"
"T","SI","2010","Y15-64","PC","ED3-8","79.1"
"T","SI","2010","Y15-64","PC","ED3_4","58.9"
"T","SI","2010","Y15-64","PC","ED5-8","20.2"
"T","SI","2011","Y15-64","PC","ED0-2","19.7"
"T","SI","2011","Y15-64","PC","ED3-8","80.3"
"T","SI","2011","Y15-64","PC","ED3_4","58.8"
"T","SI","2011","Y15-64","PC","ED5-8","21.6"
"T","SI","2012","Y15-64","PC","ED0-2","19.0"
"T","SI","2012","Y15-64","PC","ED3-8","81.0"
"T","SI","2012","Y15-64","PC","ED3_4","58.0"
"T","SI","2012","Y15-64","PC","ED5-8","23.0"
"T","SI","2013","Y15-64","PC","ED0-2","18.5"
"T","SI","2013","Y15-64","PC","ED3-8","81.5"
"T","SI","2013","Y15-64","PC","ED3_4","57.1"
"T","SI","2013","Y15-64","PC","ED5-8","24.4"
"T","SI","2014","Y15-64","PC","ED0-2","18.4"
"T","SI","2014","Y15-64","PC","ED3-8","81.6"
"T","SI","2014","Y15-64","PC","ED3_4","56.5"
"T","SI","2014","Y15-64","PC","ED5-8","25.1"
"T","SI","2015","Y15-64","PC","ED0-2","17.4"
"T","SI","2015","Y15-64","PC","ED3-8","82.6"
"T","SI","2015","Y15-64","PC","ED3_4","55.9"
"T","SI","2015","Y15-64","PC","ED5-8","26.6"
"T","SK","2003","Y15-64","PC","ED0-2","20.6"
"T","SK","2003","Y15-64","PC","ED3-8","79.4"
"T","SK","2003","Y15-64","PC","ED3_4","69.9"
"T","SK","2003","Y15-64","PC","ED5-8","9.6"
"T","SK","2004","Y15-64","PC","ED0-2","20.7"
"T","SK","2004","Y15-64","PC","ED3-8","79.3"
"T","SK","2004","Y15-64","PC","ED3_4","68.9"
"T","SK","2004","Y15-64","PC","ED5-8","10.4"
"T","SK","2005","Y15-64","PC","ED0-2","20.0"
"T","SK","2005","Y15-64","PC","ED3-8","80.0"
"T","SK","2005","Y15-64","PC","ED3_4","68.7"
"T","SK","2005","Y15-64","PC","ED5-8","11.4"
"T","SK","2006","Y15-64","PC","ED0-2","18.9"
"T","SK","2006","Y15-64","PC","ED3-8","81.1"
"T","SK","2006","Y15-64","PC","ED3_4","69.2"
"T","SK","2006","Y15-64","PC","ED5-8","11.9"
"T","SK","2007","Y15-64","PC","ED0-2","18.4"
"T","SK","2007","Y15-64","PC","ED3-8","81.6"
"T","SK","2007","Y15-64","PC","ED3_4","69.7"
"T","SK","2007","Y15-64","PC","ED5-8","11.9"
"T","SK","2008","Y15-64","PC","ED0-2","17.6"
"T","SK","2008","Y15-64","PC","ED3-8","82.4"
"T","SK","2008","Y15-64","PC","ED3_4","70.1"
"T","SK","2008","Y15-64","PC","ED5-8","12.3"
"T","SK","2009","Y15-64","PC","ED0-2","16.5"
"T","SK","2009","Y15-64","PC","ED3-8","83.5"
"T","SK","2009","Y15-64","PC","ED3_4","70.1"
"T","SK","2009","Y15-64","PC","ED5-8","13.4"
"T","SK","2010","Y15-64","PC","ED0-2","16.3"
"T","SK","2010","Y15-64","PC","ED3-8","83.7"
"T","SK","2010","Y15-64","PC","ED3_4","68.7"
"T","SK","2010","Y15-64","PC","ED5-8","15.1"
"T","SK","2011","Y15-64","PC","ED0-2","15.7"
"T","SK","2011","Y15-64","PC","ED3-8","84.3"
"T","SK","2011","Y15-64","PC","ED3_4","68.0"
"T","SK","2011","Y15-64","PC","ED5-8","16.4"
"T","SK","2012","Y15-64","PC","ED0-2","15.0"
"T","SK","2012","Y15-64","PC","ED3-8","85.0"
"T","SK","2012","Y15-64","PC","ED3_4","68.0"
"T","SK","2012","Y15-64","PC","ED5-8","17.0"
"T","SK","2013","Y15-64","PC","ED0-2","14.7"
"T","SK","2013","Y15-64","PC","ED3-8","85.3"
"T","SK","2013","Y15-64","PC","ED3_4","67.5"
"T","SK","2013","Y15-64","PC","ED5-8","17.7"
"T","SK","2014","Y15-64","PC","ED0-2","15.2"
"T","SK","2014","Y15-64","PC","ED3-8","84.8"
"T","SK","2014","Y15-64","PC","ED3_4","66.7"
"T","SK","2014","Y15-64","PC","ED5-8","18.1"
"T","SK","2015","Y15-64","PC","ED0-2","14.6"
"T","SK","2015","Y15-64","PC","ED3-8","85.4"
"T","SK","2015","Y15-64","PC","ED3_4","66.5"
"T","SK","2015","Y15-64","PC","ED5-8","18.9"
"T","FI","2003","Y15-64","PC","ED0-2","29.0"
"T","FI","2003","Y15-64","PC","ED3-8","71.0"
"T","FI","2003","Y15-64","PC","ED3_4","43.5"
"T","FI","2003","Y15-64","PC","ED5-8","27.5"
"T","FI","2004","Y15-64","PC","ED0-2","27.8"
"T","FI","2004","Y15-64","PC","ED3-8","72.2"
"T","FI","2004","Y15-64","PC","ED3_4","43.9"
"T","FI","2004","Y15-64","PC","ED5-8","28.3"
"T","FI","2005","Y15-64","PC","ED0-2","27.0"
"T","FI","2005","Y15-64","PC","ED3-8","73.0"
"T","FI","2005","Y15-64","PC","ED3_4","44.5"
"T","FI","2005","Y15-64","PC","ED5-8","28.6"
"T","FI","2006","Y15-64","PC","ED0-2","26.2"
"T","FI","2006","Y15-64","PC","ED3-8","73.8"
"T","FI","2006","Y15-64","PC","ED3_4","44.8"
"T","FI","2006","Y15-64","PC","ED5-8","29.0"
"T","FI","2007","Y15-64","PC","ED0-2","25.4"
"T","FI","2007","Y15-64","PC","ED3-8","74.6"
"T","FI","2007","Y15-64","PC","ED3_4","44.6"
"T","FI","2007","Y15-64","PC","ED5-8","30.0"
"T","FI","2008","Y15-64","PC","ED0-2","25.1"
"T","FI","2008","Y15-64","PC","ED3-8","74.9"
"T","FI","2008","Y15-64","PC","ED3_4","44.6"
"T","FI","2008","Y15-64","PC","ED5-8","30.2"
"T","FI","2009","Y15-64","PC","ED0-2","24.4"
"T","FI","2009","Y15-64","PC","ED3-8","75.6"
"T","FI","2009","Y15-64","PC","ED3_4","44.7"
"T","FI","2009","Y15-64","PC","ED5-8","30.9"
"T","FI","2010","Y15-64","PC","ED0-2","23.6"
"T","FI","2010","Y15-64","PC","ED3-8","76.4"
"T","FI","2010","Y15-64","PC","ED3_4","44.8"
"T","FI","2010","Y15-64","PC","ED5-8","31.6"
"T","FI","2011","Y15-64","PC","ED0-2","22.9"
"T","FI","2011","Y15-64","PC","ED3-8","77.1"
"T","FI","2011","Y15-64","PC","ED3_4","44.6"
"T","FI","2011","Y15-64","PC","ED5-8","32.5"
"T","FI","2012","Y15-64","PC","ED0-2","21.8"
"T","FI","2012","Y15-64","PC","ED3-8","78.2"
"T","FI","2012","Y15-64","PC","ED3_4","45.4"
"T","FI","2012","Y15-64","PC","ED5-8","32.8"
"T","FI","2013","Y15-64","PC","ED0-2","20.8"
"T","FI","2013","Y15-64","PC","ED3-8","79.2"
"T","FI","2013","Y15-64","PC","ED3_4","45.6"
"T","FI","2013","Y15-64","PC","ED5-8","33.6"
"T","FI","2014","Y15-64","PC","ED0-2","20.1"
"T","FI","2014","Y15-64","PC","ED3-8","79.9"
"T","FI","2014","Y15-64","PC","ED3_4","45.2"
"T","FI","2014","Y15-64","PC","ED5-8","34.7"
"T","FI","2015","Y15-64","PC","ED0-2","19.2"
"T","FI","2015","Y15-64","PC","ED3-8","80.8"
"T","FI","2015","Y15-64","PC","ED3_4","45.3"
"T","FI","2015","Y15-64","PC","ED5-8","35.5"
"T","SE","2003","Y15-64","PC","ED0-2","22.1"
"T","SE","2003","Y15-64","PC","ED3-8","77.9"
"T","SE","2003","Y15-64","PC","ED3_4","54.0"
"T","SE","2003","Y15-64","PC","ED5-8","23.9"
"T","SE","2004","Y15-64","PC","ED0-2","21.5"
"T","SE","2004","Y15-64","PC","ED3-8","78.5"
"T","SE","2004","Y15-64","PC","ED3_4","53.8"
"T","SE","2004","Y15-64","PC","ED5-8","24.7"
"T","SE","2005","Y15-64","PC","ED0-2","21.3"
"T","SE","2005","Y15-64","PC","ED3-8","78.7"
"T","SE","2005","Y15-64","PC","ED3_4","52.8"
"T","SE","2005","Y15-64","PC","ED5-8","25.9"
"T","SE","2006","Y15-64","PC","ED0-2","26.9"
"T","SE","2006","Y15-64","PC","ED3-8","73.1"
"T","SE","2006","Y15-64","PC","ED3_4","47.2"
"T","SE","2006","Y15-64","PC","ED5-8","25.9"
"T","SE","2007","Y15-64","PC","ED0-2","26.5"
"T","SE","2007","Y15-64","PC","ED3-8","73.5"
"T","SE","2007","Y15-64","PC","ED3_4","47.1"
"T","SE","2007","Y15-64","PC","ED5-8","26.4"
"T","SE","2008","Y15-64","PC","ED0-2","26.2"
"T","SE","2008","Y15-64","PC","ED3-8","73.8"
"T","SE","2008","Y15-64","PC","ED3_4","47.0"
"T","SE","2008","Y15-64","PC","ED5-8","26.9"
"T","SE","2009","Y15-64","PC","ED0-2","25.4"
"T","SE","2009","Y15-64","PC","ED3-8","74.6"
"T","SE","2009","Y15-64","PC","ED3_4","47.0"
"T","SE","2009","Y15-64","PC","ED5-8","27.6"
"T","SE","2010","Y15-64","PC","ED0-2","25.0"
"T","SE","2010","Y15-64","PC","ED3-8","75.0"
"T","SE","2010","Y15-64","PC","ED3_4","46.7"
"T","SE","2010","Y15-64","PC","ED5-8","28.2"
"T","SE","2011","Y15-64","PC","ED0-2","24.4"
"T","SE","2011","Y15-64","PC","ED3-8","75.6"
"T","SE","2011","Y15-64","PC","ED3_4","46.5"
"T","SE","2011","Y15-64","PC","ED5-8","29.1"
"T","SE","2012","Y15-64","PC","ED0-2","23.8"
"T","SE","2012","Y15-64","PC","ED3-8","76.2"
"T","SE","2012","Y15-64","PC","ED3_4","46.1"
"T","SE","2012","Y15-64","PC","ED5-8","30.1"
"T","SE","2013","Y15-64","PC","ED0-2","22.9"
"T","SE","2013","Y15-64","PC","ED3-8","77.1"
"T","SE","2013","Y15-64","PC","ED3_4","45.7"
"T","SE","2013","Y15-64","PC","ED5-8","31.4"
"T","SE","2014","Y15-64","PC","ED0-2","22.1"
"T","SE","2014","Y15-64","PC","ED3-8","77.9"
"T","SE","2014","Y15-64","PC","ED3_4","45.0"
"T","SE","2014","Y15-64","PC","ED5-8","32.8"
"T","SE","2015","Y15-64","PC","ED0-2","21.6"
"T","SE","2015","Y15-64","PC","ED3-8","78.4"
"T","SE","2015","Y15-64","PC","ED3_4","44.4"
"T","SE","2015","Y15-64","PC","ED5-8","34.0"
"T","UK","2003","Y15-64","PC","ED0-2","29.7"
"T","UK","2003","Y15-64","PC","ED3-8","70.3"
"T","UK","2003","Y15-64","PC","ED3_4","44.8"
"T","UK","2003","Y15-64","PC","ED5-8","25.5"
"T","UK","2004","Y15-64","PC","ED0-2","29.6"
"T","UK","2004","Y15-64","PC","ED3-8","70.4"
"T","UK","2004","Y15-64","PC","ED3_4","44.1"
"T","UK","2004","Y15-64","PC","ED5-8","26.3"
"T","UK","2005","Y15-64","PC","ED0-2","28.4"
"T","UK","2005","Y15-64","PC","ED3-8","71.6"
"T","UK","2005","Y15-64","PC","ED3_4","44.8"
"T","UK","2005","Y15-64","PC","ED5-8","26.8"
"T","UK","2006","Y15-64","PC","ED0-2","27.5"
"T","UK","2006","Y15-64","PC","ED3-8","72.5"
"T","UK","2006","Y15-64","PC","ED3_4","44.9"
"T","UK","2006","Y15-64","PC","ED5-8","27.6"
"T","UK","2007","Y15-64","PC","ED0-2","27.0"
"T","UK","2007","Y15-64","PC","ED3-8","73.0"
"T","UK","2007","Y15-64","PC","ED3_4","44.3"
"T","UK","2007","Y15-64","PC","ED5-8","28.7"
"T","UK","2008","Y15-64","PC","ED0-2","26.9"
"T","UK","2008","Y15-64","PC","ED3-8","73.1"
"T","UK","2008","Y15-64","PC","ED3_4","44.4"
"T","UK","2008","Y15-64","PC","ED5-8","28.7"
"T","UK","2009","Y15-64","PC","ED0-2","25.7"
"T","UK","2009","Y15-64","PC","ED3-8","74.3"
"T","UK","2009","Y15-64","PC","ED3_4","44.2"
"T","UK","2009","Y15-64","PC","ED5-8","30.0"
"T","UK","2010","Y15-64","PC","ED0-2","24.1"
"T","UK","2010","Y15-64","PC","ED3-8","75.9"
"T","UK","2010","Y15-64","PC","ED3_4","44.2"
"T","UK","2010","Y15-64","PC","ED5-8","31.6"
"T","UK","2011","Y15-64","PC","ED0-2","23.8"
"T","UK","2011","Y15-64","PC","ED3-8","76.2"
"T","UK","2011","Y15-64","PC","ED3_4","43.0"
"T","UK","2011","Y15-64","PC","ED5-8","33.2"
"T","UK","2012","Y15-64","PC","ED0-2","22.2"
"T","UK","2012","Y15-64","PC","ED3-8","77.8"
"T","UK","2012","Y15-64","PC","ED3_4","43.1"
"T","UK","2012","Y15-64","PC","ED5-8","34.6"
"T","UK","2013","Y15-64","PC","ED0-2","21.7"
"T","UK","2013","Y15-64","PC","ED3-8","78.3"
"T","UK","2013","Y15-64","PC","ED3_4","42.7"
"T","UK","2013","Y15-64","PC","ED5-8","35.6"
"T","UK","2014","Y15-64","PC","ED0-2","20.9"
"T","UK","2014","Y15-64","PC","ED3-8","79.1"
"T","UK","2014","Y15-64","PC","ED3_4","42.5"
"T","UK","2014","Y15-64","PC","ED5-8","36.6"
"T","UK","2015","Y15-64","PC","ED0-2","20.3"
"T","UK","2015","Y15-64","PC","ED3-8","79.7"
"T","UK","2015","Y15-64","PC","ED3_4","42.1"
"T","UK","2015","Y15-64","PC","ED5-8","37.6"
